Name,Rite,ExistingSite,PhysicalVerb,Telegraph,Limitation,Synergy,OuterRealmUses
UnwriteLaw,UnwriteLaw,Bellgrave,Briefly suspend a named local physics rule at a marked site; restore the rule automatically.,Ground-outline and sound fade before the duration expires.,High strain and limited duration; never delete saved history.,ParadoxConvergence,"Harmonic support, contradiction thresholds and localized sound silence"
Witnesscraft,Witnesscraft,EchoWell,"Tag evidence as directly witnessed, rumored or unconfirmed before a testimony choice.","Three confidence glyphs, never an invisible morality color.",Cannot fabricate or force consent from any witness.,Cartography,"Civic records, competing choir accounts and personal memory conflicts"
BorrowedLives,BorrowedLives,PaperOrchard,Borrow an alternate professional capability temporarily without changing real identity.,Visible borrowed posture and temporary skill ribbon.,Cannot impersonate a living NPC or keep borrowed craft indefinitely.,LegacyForging,Impossible ancestry masonry and personal origin testimony
LegacyForging,LegacyForging,BellwoldForge,"Temper one-time discovered, protected and reconciled deeds into equipment history.",Three distinct inscription marks on a tool.,Cannot farm the same deed or rewrite harmed families' provenance.,BorrowedLives,Quarry supports and tool ownership disputes
LivingRoads,LivingRoads,SilentMile,Reveal and open a path that two legitimate communities agreed to share.,Physical road seam visibly connects before the player steps.,Temporary unless earned reconciliation stabilizes it.,Oathbinding,"Garden commons, refugee roads and consent-based passages"
TomorrowDebt,TomorrowDebt,DebtMarket,Borrow brief strength with a visible due date and later exhaustion.,"Clock-facing debt ribbon, warning before collection.",Debt cannot be displaced onto innocent people or borrowed endlessly.,Oathbinding,"Future-price fraud, time-bound ferry crossings"
UnderstandingBosses,UnderstandingBosses,BellOssuary,Interpret readable enemy patterns and allow a witnessed nonlethal solution.,"Boss threat tells paired with memory fragment, optional mercy prompt.",A learned name is not automatic pacification; player must survive or negotiate.,Witnesscraft,Reluctant guardians and disputed monsters
ParadoxConvergence,ParadoxConvergence,PaperhavenScribe,Hold two versions of a place briefly so both routes and records can be inspected.,Dual outlines with reliable entrance and return.,"Temporary; strain and cooldown, not a permanent map cheat.",UnwriteLaw,"Inverted sky, temporal seam and multiple origins"
Oathbinding,Oathbinding,BellwoldRefuge,Attach a measurable protection benefit to an explicit local promise.,Visible vow link to the protected people and breach warning.,Broken oath has recorded consequences; consent is never implied.,LivingRoads,"Public ferry, warm kiln and refusal of unlawful crown"
Cartography,Cartography,SaltwakeHarbor,"Mark speculative, rumored and personally traversed routes differently.",Solid versus dashed path and witness tags.,Does not declare an unverified crossing safe merely because it is mapped.,Witnesscraft,"Sea absence, false roads and impossible origins"
