Name,RealmId,Display,Signature,Landscape,MainQuestion,Mechanism,Danger,CareOutcome,TruthOutcome,Enemy,Ability,Foreshadow,ReturnChapter,HeldMorning,ManyMornings,ManualTest
ThreefoldReach,ThreefoldReach,The Threefold Reach,The Unanswered Interval: bell without a last note,"Roads stitched through contradictory maps, refugee lanterns and a split-record archive.",Can an unrecorded refuge and an officially documented truth both be real?,Place evidence against the bell sound in Bellwold; compare the absence in Paperhaven without fabricating either account.,Moving routes and civic access; neither path is a combat-only choke.,Preserve public shelter access and lantern use.,Make the missing record inspectable without forcefully identifying every protected resident.,"Bellwold guardian, existing prototype",Witnesscraft identifies firsthand testimony; Living Roads opens earned community paths.,"Bell silence is later heard in rain, fire and choir; never say Nhal-Vey here.","A stranger can trace both shelter and archive routes, meeting residents who remember the chosen side.",The road gains a visible scar through existing public landmarks.,"The same street has two navigable, clearly signposted interpretations.",Choose both paths on separate saves; reload preserves route and individual witness memories.
WidowedRain,WidowedRain,Saltwake / The Widowed Rain,Missing water as an economic and environmental absence,"Dry docks under persistent rain, wet ledgers, hollow ship-roof shelters.",Who owns the proof of a sea that no longer exists?,"Weather counter, rain sluice and hand-operated storm break; unique audio pulse warns before damage.","Rain-lane pulses, with legible blue warning and a reliable dry shelter.",Shelter ferry users without requiring old ownership papers.,Preserve the ledger and collateral history without declaring private survivors debtors.,Rainward tide hazard; local story guardian remains optional,Cartography distinguishes mapped and personally verified crossing; Tomorrow Debt offers risky short-term action.,A missing tide is dated like a loan due before birth.,Storm records update to acknowledge actual Rainward public choice; no generic all-knowing NPC reaction.,The missing coast retains the last honest tide mark.,Two differently timed shoreline marks remain readable together.,"A player can walk the storm safe line, save/reload and still inspect both evidence perspectives."
HearthBeneath,HearthBeneath,Cinderhold / The Hearth Beneath,An impossible sun's heat and shared physical obligations,"Inward mountain city with public kilns, soot families and thermal canal controls.",Who pays to keep an unowned flame alive?,Two-channel furnace valve and heat-shutter pair; show actual pipe change and temperature field.,Timed heat pulses with stable visual rim and cooled recovery window.,Keep unregistered homes warm without demanding signatures.,Expose the true provenance of fuel and require a public repair plan.,"Kiln-hazard encounter, not an arbitrary fire monster",Oathbinding ties explicit promises to a measurable heat benefit; Legacy Forging records a genuine deed.,Flames lack exactly the same note missing from the Reach's bell.,Citizens relight hearths based on the route player actually maintained.,Two shadows belong to one common flame.,Twin embers suggest coexisting origins without doubling resources.,"Valve visibly directs heat, hazard has readable counterplay, old community decision survives."
TidalLedger,TidalLedger,Drevlach / The Owed Estuary,Contracts dated before their signers' birth,"Tide clocks in stranded boats, ferry passages and flooded civic ledgers.",Who can pledge a tomorrow for someone not yet born?,"Source tags Tidal.Trial.FerryReceipt, Tidal.Trial.CollateralTide, Tidal.Trial.DebtLatch.",Ledger tide lanes with visible warning and cover; don't demand repeated debt farming.,Make a child-safe ferry that never charges future passengers.,Publish verifiable fraud without forcibly identifying protected borrowers.,"Collector of Unborn Days, optional witnessed guardian",Tomorrow Debt + Oathbinding opens calendar observatory only after completed Echo.,The ledger implies the world has been taking loans against nonexistent histories.,"Local residents remember ferry or archive outcomes, guardian mercy or defeat, and observatory archive.",The estuary's promises are carved into visible stable dates.,"Two future and past receipts are presented side by side, not merged into one.","First-quest two routes, aftermath, Echo, optional guardian, optional dual-rite door independently survive reload."
SkyBelow,SkyBelow,Orravane / The Inverted Choir,Songs physically holding inverted architecture aloft,Hanging neighborhoods and two load-bearing musical support scores.,Can you give silenced people a voice without dropping the homes they support?,"Sky.Trial.Counterweight, Sky.Trial.ForgottenChorus and Sky.Trial.TuningFork.","Inverted gravity stress pulse with anchored safe walkway, horizon remains stable in accessibility mode.",Stabilize homes through a voluntary shared support rhythm.,Recover forbidden singers' names without forcing their return to compulsory work.,"Missing Chorister, optional guardian with audible pre-strike cadence",Unwrite Law + Paradox Convergence opens paired supporting-harmony observatory.,The exact missing musical rest is identical to the Unanswered Interval.,A household's safety and a dissenting score remain independently inspectable.,All public music includes the erased staff line.,Two supporting harmonies can be seen without doubling the actual load.,"Play both notes without instant collision, examine witnesses and verify chosen physical route remains."
CinderSpine,CinderSpine,Vathless / The Yesterday Quarry,Erased families compressed into history-bearing stone,"Quarry seams, ancestor mortar, rail braces and fossil family portraits.",Can the city keep its homes without treating an ancestor as quarry material?,"Bones.Trial.SafeWedge, Bones.Trial.LineageStone and Bones.Trial.SeamClamp.",Pressure seam collapse with widening crack telegraph and a safe sidestep.,Preserve accessible braced route and shelter without another erased generation.,Display a public family record of the quarry's origin with informed consent.,"Mortar Ancestor, optional guardian",Legacy Forging + Understanding Bosses opens named-provenance observatory.,The name sealed in mortar is not simply old: it belongs to an event removed from recorded chronology.,Repair homes using explicitly sourced materials while keeping the earlier choice visible.,Stone names cut from history remain engraved and legible.,Old and living genealogies appear on overlapping but separable walls.,Source and materials must remain causal; do not pretend a character can be restored by clicking a monument.
HundredUnlived,HundredUnlived,Eillun / The Unclaimed City,People without official beginnings whose consent matters,"Doorways without census numbers, shelters behind name latches and voluntary public thresholds.",Can someone exist without owing their identity to the city?,"Unlived.Trial.HiddenShelter, Unlived.Trial.ConsentBoard, Unlived.Trial.NameLatch.",Name-scan lane warns before an identity pulse; silence and physical shielding can avoid it.,Shelter stays reachable without public identity disclosure.,"Public recognition is opt-in and revocable, not a forced population dump.","Numberless Examiner, optional guardian",Witnesscraft + Borrowed Lives opens consent-bounded testimony observatory.,Unregistered residents prove that absence and nonexistence are not the same.,A previously hidden resident chooses whether to speak; never auto-publish a name.,Quiet houses remain visibly legitimate civic destinations.,Private refuge and public threshold coexist with voluntary traversal.,No gameplay branch can reveal an individual's identity without its explicit recorded consent.
OrchardOfKings,OrchardOfKings,Tharniv / The Untitled Orchard,Unwritten laws growing from living roots,"Root courts, communal fruit stores, roads grafted from consent and a physically empty throne.",How does a court keep enforcing a law nobody approved?,"Orchard.Trial.SharedGraft, Orchard.Trial.EmptyCoronation, Orchard.Trial.RootChannel.",Roots point at the lane before a timed strike; alternate public path offers counterplay.,Share the road and harvest without an inherited crown.,Expose the unratified court law while preserving living people's right to dissent.,"Root Bailiff, optional guardian",Living Roads + Oathbinding opens public arboretum archives.,The first legal rule was never signed; an answering mechanism continued enforcing it anyway.,Roots remember elected access and old disputes instead of being magically healed.,Public harvest shares its path with a visibly empty crown.,Two readable competing laws remain open to civil challenge.,"Change root traversal collision after choice, preserve archive and access, never create an invisible monarch."
FirstAbsence,FirstAbsence,Auvren / The Before-Place,Two truthful beginnings at one usable threshold,"Doorways without foundations, contradictory source maps, stable return line and northern final arena.",Why did the world make a consciousness to eat unanswered questions?,"Absence.Trial.StableMemory, Absence.Trial.ContradictoryMap, Absence.Trial.OriginAnchor.","Origin distortions, safe marked return; boss has four directional attacks with real windups.",Reliable passage exists without erasing other origins.,Both maps remain inspectable without one mandatory universal history.,"Nhal-Vey, two required boss forms, then optional post-ending echo; Unfinished Witness optional guardian",Unwrite Law + Cartography opens optional safe-mapping observatory; not needed to finish.,Reveal that Nhal-Vey suppresses questions; don't reveal false-victory twist during ordinary traversal.,Held Morning uses bell/names echo attacks; Many Mornings uses horizon/counterfactual echoes.,Auvren's threshold keeps one visibly reliable exit after victory.,Two contradictory dawns appear while a stable exit remains.,Main story reaches boss without sidequest grind; save preserves identity and all choices through both endings and optional rematch.
