Name,Title,Subtitle,Narration,ArtSource,StartSeconds,DurationSeconds,EndSeconds,DirectorNote
S01,THE UNMADE,Some worlds are broken. This one remembers being whole.,"Before maps had borders, a silence began swallowing the questions no one dared answer.",legacy_art_22.jpg,0,8.5,8.5,establish world; avoid antagonist name
S02,A PERSON WITHOUT A PAST,Create an identity. Discover an impossible origin.,"You choose who to become. The world remembers your actions, even when it cannot agree on your beginning.",legacy_art_12.jpg,8.5,9,17.5,source character origin; no false game footage
S03,THE FIRST MISSING NOTE,The Threefold Reach · Bellwold · Paperhaven,A bell rings from a road no one has walked. One neighbor remembers it. Another has proof it never existed.,legacy_art_01.jpg,17.5,9,26.5,opening Unanswered Interval
S04,WHERE THE WATER WENT,Saltwake · The Widowed Rain,"Ships rest above a vanished sea. Read its wet ledger, hear its people, and decide what its absence is worth.",legacy_art_23.jpg,26.5,9,35.5,frontier first choice
S05,A FLAME NOBODY OWNS,Cinderhold · The Hearth Beneath,"A city borrows fire from a sun that never rose. Warm a neighbor, or uncover whose life feeds the hearth.",legacy_art_26.jpg,35.5,9,44.5,alternate frontier first choice
S06,THE NINE REALMS,"The atlas is a mystery, not a checklist.","Every destination has a language, a social code, a hazard and a story. The route you choose changes what you understand.",legacy_art_24.png,44.5,10,54.5,show earned crossings not nine mandatory regions
S07,THE DEBT OF TOMORROW,Drevlach · The Sea of Written Debts,"In Drevlach, tomorrow can be sold. The signature on the contract belongs to someone not yet born.",legacy_art_15.jpg,54.5,9,63.5,future contract conflict
S08,THE WEIGHT OF A VOICE,Orravane · The Upside-Down Choir,"Entire streets hang beneath the sky. A missing voice is holding them up. Restore it carelessly, and homes may fall.",legacy_art_28.jpg,63.5,9,72.5,inverted gravity civic conflict
S09,THE BONES OF YESTERDAY,Vathless · The Yesterday Quarry,People were cut from history and shaped into stone. Their descendants still live in the houses their names support.,legacy_art_13.jpg,72.5,9,81.5,quarry physical consequence
S10,A RIGHT TO EXIST,Eillun · The Hundred Unlived,"A city shelters people the world insists were never born. Recognition can protect them, or expose them to danger.",legacy_art_10.jpg,81.5,9,90.5,privacy and consent
S11,THE CROWN LEFT EMPTY,Tharniv · The Untitled Orchard,"An unwritten law survives every ruler who refused it. Follow living roots, and ask who gave the court its power.",legacy_art_04.jpg,90.5,9,99.5,law without author
S12,BEFORE THERE WAS A PLACE,Auvren · The First Absence,Two true beginnings meet at a threshold. The oldest witness remembers you before you arrive.,legacy_art_27.jpg,99.5,9,108.5,safe return path
S13,POWER WITH A PRICE,Ten abilities · readable trade-offs · lasting consequences,"Suspend a law. Borrow a life. Bind a promise. No power erases a person’s consent, and every choice leaves a mark.",legacy_art_20.jpg,108.5,10,118.5,Tenfold powers are limited and earned
S14,A WORLD THAT ANSWERS BACK,Investigate · fight · spare · return · discover,Guardians can be defeated or understood. Neighbors remember. Bridges remain. Returning years later reveals the weight of your decisions.,legacy_art_03.jpg,118.5,10,128.5,"NPC memory, combat, rematch and altered space"
S15,THE LAST QUESTION,Nhal-Vey · The Answer That Ate Its Question,"At the edge of Auvren, you face the thing holding these contradictions together. But what if victory changes the world?",legacy_art_07.jpg,128.5,10,138.5,mask hidden; public version spoiler-light
S16,THE WORLD IS NOT FINISHED,The Unmade · A living consequence-driven adventure,Every realm changes you. Every decision changes a place. And the world you save may not be the world you remember.,legacy_art_22.jpg,138.5,11,149.5,"end slate, concept only"
