Name,Realm,Chapter,StepId,Trigger,Interaction,Objective,SpeakerId,ExactDialogue,Failure,Recovery,SavedState,Outcome,PhysicalTag
ThreefoldReach_arrival,ThreefoldReach,QUEST_MAIN_ThreefoldReach,arrival,player within safe southern arrival zone after earned AtlasPassages crossing,Inspect the real realm public Campaign.Thread marker or speak to a resident,Ring the silent bell and mark two observable landmarks,npc.archivist.001,I heard a bell from a road that doesn't exist. Who would carve a road into silence?,No valid sightline or current quest not started,Return to safe arrival path; map marker remains readable without taking rewards,world visit/initial dialogue; no new required quest flag,,
ThreefoldReach_investigation,ThreefoldReach,QUEST_MAIN_ThreefoldReach,investigation,local first quest begun by actual relevant NPC,"Inspect either physical evidence object, never resolve by dialogue text alone",Carry supplies through the contested neighborhood and speak to local witnesses,npc.bellwold.matron.001,"I hold a document proving this bell was never made. Your ears aren't evidence, but neither is my paper complete.","Wrong site, unreadable text or hazard damage before evidence was collected","Evidence remains independently inspectable; stable safe route, no story skip or permanent lockout",Existing frontier/Reach quest evidence; original authoritative state,,Reach.Bell.Remembered;Reach.Paperhaven.AbsenceRecord
ThreefoldReach_mechanism,ThreefoldReach,QUEST_MAIN_ThreefoldReach,mechanism,matching locally saved evidence acquired; mechanism is interactable,"Use actual site actor; check line of sight, stage and evidence match",Choose shelter or research testimony with a clear permanent preview,npc.archivist.001,I heard a bell from a road that doesn't exist. Who would carve a road into silence? The the unanswered interval: bell without a last note gives you one chance to change the place responsibly.,"Mechanism blocked, invalid/wrong evidence or missing power prerequisite",Return to the matching clue and retry physical mechanism; never consume evidence on failed persistence,Original first-quest mechanism action; its current stage/choice,,Reach.CrossingsWitness
ThreefoldReach_care_commit,ThreefoldReach,QUEST_MAIN_ThreefoldReach,care_commit,mechanism and care evidence valid; chosen care route explicitly previewed and confirmed,two deliberate matching confirmations; physical branch and collision must change,Preserve public shelter access and lantern use.,npc.bellwold.matron.001,"If we keep a roof open tonight, someone may live long enough to tell us what happened.","SaveGameToSlot failure, mismatched scope, missed confirmation window",Keep previous world and pending quest state; repeat deliberate confirmation after save works,Original first-story outcome 1; physical care passage and local visible public effect,care,
ThreefoldReach_truth_commit,ThreefoldReach,QUEST_MAIN_ThreefoldReach,truth_commit,mechanism and truth evidence valid; chosen truth route explicitly previewed and confirmed,two deliberate matching confirmations; physical branch and collision must change,Make the missing record inspectable without forcefully identifying every protected resident.,npc.paperhaven.registrar.001,The archive can be public without naming people who asked for refuge.,"SaveGameToSlot failure, consent condition unfulfilled, mismatched confirmation",Restore previous route; allow player to change evidence route before irreversible save,Original first-story outcome 2; public evidence record and local visible physical effect,truth,
ThreefoldReach_return,ThreefoldReach,QUEST_MAIN_ThreefoldReach,return,"reenter region after either outcome, optionally after Guardian/Echo/resonance",talk to individual NPC by stable ID; inspect saved physical consequence,"A stranger can trace both shelter and archive routes, meeting residents who remember the chosen side.",npc.archivist.001,"You came back. A stranger can trace both shelter and archive routes, meeting residents who remember the chosen side. I have not forgotten the path you chose.",Area unloaded or a followup system still dormant,Core first story remains complete; later optional chapters appear only when their own prerequisites hold,One-time local first story outcome plus optional separate relationship visits,,
WidowedRain_arrival,WidowedRain,QUEST_MAIN_WidowedRain,arrival,player within safe southern arrival zone after earned AtlasPassages crossing,Inspect the real realm public Campaign.Thread marker or speak to a resident,Collect a shoreline impression from a physical pier and a contradictory wet map,npc.saltwake.navigator.001,I charted a sea yesterday. Tell me why its shore is still wet but its water isn't here.,No valid sightline or current quest not started,Return to safe arrival path; map marker remains readable without taking rewards,world visit/initial dialogue; no new required quest flag,,
WidowedRain_investigation,WidowedRain,QUEST_MAIN_WidowedRain,investigation,local first quest begun by actual relevant NPC,"Inspect either physical evidence object, never resolve by dialogue text alone",Avoid a telegraphed tidal storm pulse and use an elevated safe route,npc.saltwake.rainkeeper.001,"I count every drop, because someone is selling us the same storm twice.","Wrong site, unreadable text or hazard damage before evidence was collected","Evidence remains independently inspectable; stable safe route, no story skip or permanent lockout",Existing frontier/Reach quest evidence; original authoritative state,,Saltwake.Clue.WetLedger;Saltwake.Clue.TideChart
WidowedRain_mechanism,WidowedRain,QUEST_MAIN_WidowedRain,mechanism,matching locally saved evidence acquired; mechanism is interactable,"Use actual site actor; check line of sight, stage and evidence match",Commit to public rain access or a protected account of loss,npc.saltwake.navigator.001,I charted a sea yesterday. Tell me why its shore is still wet but its water isn't here. The missing water as an economic and environmental absence gives you one chance to change the place responsibly.,"Mechanism blocked, invalid/wrong evidence or missing power prerequisite",Return to the matching clue and retry physical mechanism; never consume evidence on failed persistence,Original first-quest mechanism action; its current stage/choice,,Saltwake.StormValve
WidowedRain_care_commit,WidowedRain,QUEST_MAIN_WidowedRain,care_commit,mechanism and care evidence valid; chosen care route explicitly previewed and confirmed,two deliberate matching confirmations; physical branch and collision must change,Shelter ferry users without requiring old ownership papers.,npc.saltwake.rainkeeper.001,Share our rain before another family sleeps in an empty boat.,"SaveGameToSlot failure, mismatched scope, missed confirmation window",Keep previous world and pending quest state; repeat deliberate confirmation after save works,Original first-story outcome 1; physical care passage and local visible public effect,care,
WidowedRain_truth_commit,WidowedRain,QUEST_MAIN_WidowedRain,truth_commit,mechanism and truth evidence valid; chosen truth route explicitly previewed and confirmed,two deliberate matching confirmations; physical branch and collision must change,Preserve the ledger and collateral history without declaring private survivors debtors.,npc.saltwake.harborwarden.001,"Show us the missing water's accounts, and let us choose whom to protect.","SaveGameToSlot failure, consent condition unfulfilled, mismatched confirmation",Restore previous route; allow player to change evidence route before irreversible save,Original first-story outcome 2; public evidence record and local visible physical effect,truth,
WidowedRain_return,WidowedRain,QUEST_MAIN_WidowedRain,return,"reenter region after either outcome, optionally after Guardian/Echo/resonance",talk to individual NPC by stable ID; inspect saved physical consequence,Storm records update to acknowledge actual Rainward public choice; no generic all-knowing NPC reaction.,npc.saltwake.navigator.001,You came back. Storm records update to acknowledge actual Rainward public choice; no generic all-knowing NPC reaction. I have not forgotten the path you chose.,Area unloaded or a followup system still dormant,Core first story remains complete; later optional chapters appear only when their own prerequisites hold,One-time local first story outcome plus optional separate relationship visits,,
HearthBeneath_arrival,HearthBeneath,QUEST_MAIN_HearthBeneath,arrival,player within safe southern arrival zone after earned AtlasPassages crossing,Inspect the real realm public Campaign.Thread marker or speak to a resident,Trace a heat canal from the common kiln to a cold household,npc.cinderhold.hearthreader.001,The kiln casts heat from a sun that has never risen. A family is cold because of that contradiction.,No valid sightline or current quest not started,Return to safe arrival path; map marker remains readable without taking rewards,world visit/initial dialogue; no new required quest flag,,
HearthBeneath_investigation,HearthBeneath,QUEST_MAIN_HearthBeneath,investigation,local first quest begun by actual relevant NPC,"Inspect either physical evidence object, never resolve by dialogue text alone",Manually divert a heat pulse through an insulated channel,npc.cinderhold.emberwarden.001,A public flame is only public if the farthest house may share it.,"Wrong site, unreadable text or hazard damage before evidence was collected","Evidence remains independently inspectable; stable safe route, no story skip or permanent lockout",Existing frontier/Reach quest evidence; original authoritative state,,Cinderhold.Clue.ColdHearth;Cinderhold.Clue.EmberDeed
HearthBeneath_mechanism,HearthBeneath,QUEST_MAIN_HearthBeneath,mechanism,matching locally saved evidence acquired; mechanism is interactable,"Use actual site actor; check line of sight, stage and evidence match",Balance immediate warmth for children against truth about inherited fuel costs,npc.cinderhold.hearthreader.001,The kiln casts heat from a sun that has never risen. A family is cold because of that contradiction. The an impossible sun's heat and shared physical obligations gives you one chance to change the place responsibly.,"Mechanism blocked, invalid/wrong evidence or missing power prerequisite",Return to the matching clue and retry physical mechanism; never consume evidence on failed persistence,Original first-quest mechanism action; its current stage/choice,,Cinderhold.KilnVent
HearthBeneath_care_commit,HearthBeneath,QUEST_MAIN_HearthBeneath,care_commit,mechanism and care evidence valid; chosen care route explicitly previewed and confirmed,two deliberate matching confirmations; physical branch and collision must change,Keep unregistered homes warm without demanding signatures.,npc.cinderhold.emberwarden.001,Give the households heat now; my neighbors cannot eat an argument.,"SaveGameToSlot failure, mismatched scope, missed confirmation window",Keep previous world and pending quest state; repeat deliberate confirmation after save works,Original first-story outcome 1; physical care passage and local visible public effect,care,
HearthBeneath_truth_commit,HearthBeneath,QUEST_MAIN_HearthBeneath,truth_commit,mechanism and truth evidence valid; chosen truth route explicitly previewed and confirmed,two deliberate matching confirmations; physical branch and collision must change,Expose the true provenance of fuel and require a public repair plan.,npc.cinderhold.healer.001,Name the price of the ember. We can repair a lie only after we see it.,"SaveGameToSlot failure, consent condition unfulfilled, mismatched confirmation",Restore previous route; allow player to change evidence route before irreversible save,Original first-story outcome 2; public evidence record and local visible physical effect,truth,
HearthBeneath_return,HearthBeneath,QUEST_MAIN_HearthBeneath,return,"reenter region after either outcome, optionally after Guardian/Echo/resonance",talk to individual NPC by stable ID; inspect saved physical consequence,Citizens relight hearths based on the route player actually maintained.,npc.cinderhold.hearthreader.001,You came back. Citizens relight hearths based on the route player actually maintained. I have not forgotten the path you chose.,Area unloaded or a followup system still dormant,Core first story remains complete; later optional chapters appear only when their own prerequisites hold,One-time local first story outcome plus optional separate relationship visits,,
TidalLedger_arrival,TidalLedger,QUEST_MAIN_TidalLedger,arrival,player within safe southern arrival zone after earned AtlasPassages crossing,Inspect the real realm public Campaign.Thread marker or speak to a resident,Examine ferry receipt and collateral tide impressions on opposite routes,npc.tidal.ledgerkeeper.001,The ninth debt is dated before its debtor's birth. The ink isn't lying; the law is.,No valid sightline or current quest not started,Return to safe arrival path; map marker remains readable without taking rewards,world visit/initial dialogue; no new required quest flag,,
TidalLedger_investigation,TidalLedger,QUEST_MAIN_TidalLedger,investigation,local first quest begun by actual relevant NPC,"Inspect either physical evidence object, never resolve by dialogue text alone",Work a debt latch to open a permanent physical care or truth bridge,npc.tidal.ferryman.001,The ferried child never agreed to any creditor; protect the boat from the books.,"Wrong site, unreadable text or hazard damage before evidence was collected","Evidence remains independently inspectable; stable safe route, no story skip or permanent lockout",LaterRealm.stage=2 and pending care/truth evidence,,Tidal.Trial.FerryReceipt;Tidal.Trial.CollateralTide
TidalLedger_mechanism,TidalLedger,QUEST_MAIN_TidalLedger,mechanism,matching locally saved evidence acquired; mechanism is interactable,"Use actual site actor; check line of sight, stage and evidence match",Return for an Echo investigation and optional two-rite observatory,npc.tidal.ledgerkeeper.001,The ninth debt is dated before its debtor's birth. The ink isn't lying; the law is. The contracts dated before their signers' birth gives you one chance to change the place responsibly.,"Mechanism blocked, invalid/wrong evidence or missing power prerequisite",Return to the matching clue and retry physical mechanism; never consume evidence on failed persistence,Original first-quest mechanism action; its current stage/choice,,Tidal.Trial.DebtLatch
TidalLedger_care_commit,TidalLedger,QUEST_MAIN_TidalLedger,care_commit,mechanism and care evidence valid; chosen care route explicitly previewed and confirmed,two deliberate matching confirmations; physical branch and collision must change,Make a child-safe ferry that never charges future passengers.,npc.tidal.ferryman.001,Let tomorrow's children cross without taking on yesterday's payments.,"SaveGameToSlot failure, mismatched scope, missed confirmation window",Keep previous world and pending quest state; repeat deliberate confirmation after save works,Original first-story outcome 1; physical care passage and local visible public effect,care,
TidalLedger_truth_commit,TidalLedger,QUEST_MAIN_TidalLedger,truth_commit,mechanism and truth evidence valid; chosen truth route explicitly previewed and confirmed,two deliberate matching confirmations; physical branch and collision must change,Publish verifiable fraud without forcibly identifying protected borrowers.,npc.tidal.witness.001,"Publish the fraudulent contracts, not the private addresses of the borrowers.","SaveGameToSlot failure, consent condition unfulfilled, mismatched confirmation",Restore previous route; allow player to change evidence route before irreversible save,Original first-story outcome 2; public evidence record and local visible physical effect,truth,
TidalLedger_return,TidalLedger,QUEST_MAIN_TidalLedger,return,"reenter region after either outcome, optionally after Guardian/Echo/resonance",talk to individual NPC by stable ID; inspect saved physical consequence,"Local residents remember ferry or archive outcomes, guardian mercy or defeat, and observatory archive.",npc.tidal.ledgerkeeper.001,"You came back. Local residents remember ferry or archive outcomes, guardian mercy or defeat, and observatory archive. I have not forgotten the path you chose.",Area unloaded or a followup system still dormant,Core first story remains complete; later optional chapters appear only when their own prerequisites hold,One-time local first story outcome plus optional separate relationship visits,,
SkyBelow_arrival,SkyBelow,QUEST_MAIN_SkyBelow,arrival,player within safe southern arrival zone after earned AtlasPassages crossing,Inspect the real realm public Campaign.Thread marker or speak to a resident,Observe the actual support-counterweight under a precarious building,npc.sky.choirmaster.001,Count the missing singers: the houses will fall if you remove their support blindly.,No valid sightline or current quest not started,Return to safe arrival path; map marker remains readable without taking rewards,world visit/initial dialogue; no new required quest flag,,
SkyBelow_investigation,SkyBelow,QUEST_MAIN_SkyBelow,investigation,local first quest begun by actual relevant NPC,"Inspect either physical evidence object, never resolve by dialogue text alone",Tune the fork to a recorded note while keeping an alternate stable load,npc.sky.structuralist.001,"A counterweight can take the load, but the chorus has to choose its part.","Wrong site, unreadable text or hazard damage before evidence was collected","Evidence remains independently inspectable; stable safe route, no story skip or permanent lockout",LaterRealm.stage=2 and pending care/truth evidence,,Sky.Trial.Counterweight;Sky.Trial.ForgottenChorus
SkyBelow_mechanism,SkyBelow,QUEST_MAIN_SkyBelow,mechanism,matching locally saved evidence acquired; mechanism is interactable,"Use actual site actor; check line of sight, stage and evidence match","Choose shared meter or public excluded chorus, and see the hanging path respond",npc.sky.choirmaster.001,Count the missing singers: the houses will fall if you remove their support blindly. The songs physically holding inverted architecture aloft gives you one chance to change the place responsibly.,"Mechanism blocked, invalid/wrong evidence or missing power prerequisite",Return to the matching clue and retry physical mechanism; never consume evidence on failed persistence,Original first-quest mechanism action; its current stage/choice,,Sky.Trial.TuningFork
SkyBelow_care_commit,SkyBelow,QUEST_MAIN_SkyBelow,care_commit,mechanism and care evidence valid; chosen care route explicitly previewed and confirmed,two deliberate matching confirmations; physical branch and collision must change,Stabilize homes through a voluntary shared support rhythm.,npc.sky.structuralist.001,Keep the houses aloft and teach a voluntary new refrain.,"SaveGameToSlot failure, mismatched scope, missed confirmation window",Keep previous world and pending quest state; repeat deliberate confirmation after save works,Original first-story outcome 1; physical care passage and local visible public effect,care,
SkyBelow_truth_commit,SkyBelow,QUEST_MAIN_SkyBelow,truth_commit,mechanism and truth evidence valid; chosen truth route explicitly previewed and confirmed,two deliberate matching confirmations; physical branch and collision must change,Recover forbidden singers' names without forcing their return to compulsory work.,npc.sky.dissenter.001,Print the forbidden verse and all its names. Let those named decide whether to sing.,"SaveGameToSlot failure, consent condition unfulfilled, mismatched confirmation",Restore previous route; allow player to change evidence route before irreversible save,Original first-story outcome 2; public evidence record and local visible physical effect,truth,
SkyBelow_return,SkyBelow,QUEST_MAIN_SkyBelow,return,"reenter region after either outcome, optionally after Guardian/Echo/resonance",talk to individual NPC by stable ID; inspect saved physical consequence,A household's safety and a dissenting score remain independently inspectable.,npc.sky.choirmaster.001,You came back. A household's safety and a dissenting score remain independently inspectable. I have not forgotten the path you chose.,Area unloaded or a followup system still dormant,Core first story remains complete; later optional chapters appear only when their own prerequisites hold,One-time local first story outcome plus optional separate relationship visits,,
CinderSpine_arrival,CinderSpine,QUEST_MAIN_CinderSpine,arrival,player within safe southern arrival zone after earned AtlasPassages crossing,Inspect the real realm public Campaign.Thread marker or speak to a resident,Read alternate ancestral inscriptions from two sides of a geological cut,npc.bones.seamwarden.001,Each stone has an older maker's mark. Someone called these people rubble.,No valid sightline or current quest not started,Return to safe arrival path; map marker remains readable without taking rewards,world visit/initial dialogue; no new required quest flag,,
CinderSpine_investigation,CinderSpine,QUEST_MAIN_CinderSpine,investigation,local first quest begun by actual relevant NPC,"Inspect either physical evidence object, never resolve by dialogue text alone",Place a seam clamp or named brace that changes collision-supported access,npc.bones.mason.001,An unsafe brace will crush the family whose wall you mean to save.,"Wrong site, unreadable text or hazard damage before evidence was collected","Evidence remains independently inspectable; stable safe route, no story skip or permanent lockout",LaterRealm.stage=2 and pending care/truth evidence,,Bones.Trial.SafeWedge;Bones.Trial.LineageStone
CinderSpine_mechanism,CinderSpine,QUEST_MAIN_CinderSpine,mechanism,matching locally saved evidence acquired; mechanism is interactable,"Use actual site actor; check line of sight, stage and evidence match",Test a dangerous rock lane after its visible fracture warning,npc.bones.seamwarden.001,Each stone has an older maker's mark. Someone called these people rubble. The erased families compressed into history-bearing stone gives you one chance to change the place responsibly.,"Mechanism blocked, invalid/wrong evidence or missing power prerequisite",Return to the matching clue and retry physical mechanism; never consume evidence on failed persistence,Original first-quest mechanism action; its current stage/choice,,Bones.Trial.SeamClamp
CinderSpine_care_commit,CinderSpine,QUEST_MAIN_CinderSpine,care_commit,mechanism and care evidence valid; chosen care route explicitly previewed and confirmed,two deliberate matching confirmations; physical branch and collision must change,Preserve accessible braced route and shelter without another erased generation.,npc.bones.mason.001,Build a safe passage without quarrying another remembered ancestor.,"SaveGameToSlot failure, mismatched scope, missed confirmation window",Keep previous world and pending quest state; repeat deliberate confirmation after save works,Original first-story outcome 1; physical care passage and local visible public effect,care,
CinderSpine_truth_commit,CinderSpine,QUEST_MAIN_CinderSpine,truth_commit,mechanism and truth evidence valid; chosen truth route explicitly previewed and confirmed,two deliberate matching confirmations; physical branch and collision must change,Display a public family record of the quarry's origin with informed consent.,npc.bones.descendant.001,Carve the erased lineages where descendants can contest the record.,"SaveGameToSlot failure, consent condition unfulfilled, mismatched confirmation",Restore previous route; allow player to change evidence route before irreversible save,Original first-story outcome 2; public evidence record and local visible physical effect,truth,
CinderSpine_return,CinderSpine,QUEST_MAIN_CinderSpine,return,"reenter region after either outcome, optionally after Guardian/Echo/resonance",talk to individual NPC by stable ID; inspect saved physical consequence,Repair homes using explicitly sourced materials while keeping the earlier choice visible.,npc.bones.seamwarden.001,You came back. Repair homes using explicitly sourced materials while keeping the earlier choice visible. I have not forgotten the path you chose.,Area unloaded or a followup system still dormant,Core first story remains complete; later optional chapters appear only when their own prerequisites hold,One-time local first story outcome plus optional separate relationship visits,,
HundredUnlived_arrival,HundredUnlived,QUEST_MAIN_HundredUnlived,arrival,player within safe southern arrival zone after earned AtlasPassages crossing,Inspect the real realm public Campaign.Thread marker or speak to a resident,Open a private shelter without entering a guest's name,npc.unlived.censuskeeper.001,The census says this shelter contains nobody. I can hear the children behind the door.,No valid sightline or current quest not started,Return to safe arrival path; map marker remains readable without taking rewards,world visit/initial dialogue; no new required quest flag,,
HundredUnlived_investigation,HundredUnlived,QUEST_MAIN_HundredUnlived,investigation,local first quest begun by actual relevant NPC,"Inspect either physical evidence object, never resolve by dialogue text alone",Examine an official recognition board and a hidden shelter without merging their records,npc.unlived.caretaker.001,A welcome cup does not ask for a birth record. Can you promise the same?,"Wrong site, unreadable text or hazard damage before evidence was collected","Evidence remains independently inspectable; stable safe route, no story skip or permanent lockout",LaterRealm.stage=2 and pending care/truth evidence,,Unlived.Trial.HiddenShelter;Unlived.Trial.ConsentBoard
HundredUnlived_mechanism,HundredUnlived,QUEST_MAIN_HundredUnlived,mechanism,matching locally saved evidence acquired; mechanism is interactable,"Use actual site actor; check line of sight, stage and evidence match",Work an identity latch in the ethical direction supported by the witnesses,npc.unlived.censuskeeper.001,The census says this shelter contains nobody. I can hear the children behind the door. The people without official beginnings whose consent matters gives you one chance to change the place responsibly.,"Mechanism blocked, invalid/wrong evidence or missing power prerequisite",Return to the matching clue and retry physical mechanism; never consume evidence on failed persistence,Original first-quest mechanism action; its current stage/choice,,Unlived.Trial.NameLatch
HundredUnlived_care_commit,HundredUnlived,QUEST_MAIN_HundredUnlived,care_commit,mechanism and care evidence valid; chosen care route explicitly previewed and confirmed,two deliberate matching confirmations; physical branch and collision must change,Shelter stays reachable without public identity disclosure.,npc.unlived.caretaker.001,Open a refuge that does not require anyone's name.,"SaveGameToSlot failure, mismatched scope, missed confirmation window",Keep previous world and pending quest state; repeat deliberate confirmation after save works,Original first-story outcome 1; physical care passage and local visible public effect,care,
HundredUnlived_truth_commit,HundredUnlived,QUEST_MAIN_HundredUnlived,truth_commit,mechanism and truth evidence valid; chosen truth route explicitly previewed and confirmed,two deliberate matching confirmations; physical branch and collision must change,"Public recognition is opt-in and revocable, not a forced population dump.",npc.unlived.challenger.001,"Let residents speak publicly by choice, not under a compulsory registry.","SaveGameToSlot failure, consent condition unfulfilled, mismatched confirmation",Restore previous route; allow player to change evidence route before irreversible save,Original first-story outcome 2; public evidence record and local visible physical effect,truth,
HundredUnlived_return,HundredUnlived,QUEST_MAIN_HundredUnlived,return,"reenter region after either outcome, optionally after Guardian/Echo/resonance",talk to individual NPC by stable ID; inspect saved physical consequence,A previously hidden resident chooses whether to speak; never auto-publish a name.,npc.unlived.censuskeeper.001,You came back. A previously hidden resident chooses whether to speak; never auto-publish a name. I have not forgotten the path you chose.,Area unloaded or a followup system still dormant,Core first story remains complete; later optional chapters appear only when their own prerequisites hold,One-time local first story outcome plus optional separate relationship visits,,
OrchardOfKings_arrival,OrchardOfKings,QUEST_MAIN_OrchardOfKings,arrival,player within safe southern arrival zone after earned AtlasPassages crossing,Inspect the real realm public Campaign.Thread marker or speak to a resident,Compare a shared graft to evidence of an empty coronation,npc.orchard.untitled.001,Every crown in this orchard is empty. Yet the roads obey a law we never passed.,No valid sightline or current quest not started,Return to safe arrival path; map marker remains readable without taking rewards,world visit/initial dialogue; no new required quest flag,,
OrchardOfKings_investigation,OrchardOfKings,QUEST_MAIN_OrchardOfKings,investigation,local first quest begun by actual relevant NPC,"Inspect either physical evidence object, never resolve by dialogue text alone",Turn a root-channel control to build one permanent walkable civic road,npc.orchard.gardener.001,A graft is an agreement between living branches; you cannot command either one.,"Wrong site, unreadable text or hazard damage before evidence was collected","Evidence remains independently inspectable; stable safe route, no story skip or permanent lockout",LaterRealm.stage=2 and pending care/truth evidence,,Orchard.Trial.SharedGraft;Orchard.Trial.EmptyCoronation
OrchardOfKings_mechanism,OrchardOfKings,QUEST_MAIN_OrchardOfKings,mechanism,matching locally saved evidence acquired; mechanism is interactable,"Use actual site actor; check line of sight, stage and evidence match",Question the untitled court about a legal mandate with no author,npc.orchard.untitled.001,Every crown in this orchard is empty. Yet the roads obey a law we never passed. The unwritten laws growing from living roots gives you one chance to change the place responsibly.,"Mechanism blocked, invalid/wrong evidence or missing power prerequisite",Return to the matching clue and retry physical mechanism; never consume evidence on failed persistence,Original first-quest mechanism action; its current stage/choice,,Orchard.Trial.RootChannel
OrchardOfKings_care_commit,OrchardOfKings,QUEST_MAIN_OrchardOfKings,care_commit,mechanism and care evidence valid; chosen care route explicitly previewed and confirmed,two deliberate matching confirmations; physical branch and collision must change,Share the road and harvest without an inherited crown.,npc.orchard.gardener.001,Open the harvest paths to everyone willing to care for them.,"SaveGameToSlot failure, mismatched scope, missed confirmation window",Keep previous world and pending quest state; repeat deliberate confirmation after save works,Original first-story outcome 1; physical care passage and local visible public effect,care,
OrchardOfKings_truth_commit,OrchardOfKings,QUEST_MAIN_OrchardOfKings,truth_commit,mechanism and truth evidence valid; chosen truth route explicitly previewed and confirmed,two deliberate matching confirmations; physical branch and collision must change,Expose the unratified court law while preserving living people's right to dissent.,npc.orchard.historian.001,Show the unratified law. A crown without a wearer cannot consent for us.,"SaveGameToSlot failure, consent condition unfulfilled, mismatched confirmation",Restore previous route; allow player to change evidence route before irreversible save,Original first-story outcome 2; public evidence record and local visible physical effect,truth,
OrchardOfKings_return,OrchardOfKings,QUEST_MAIN_OrchardOfKings,return,"reenter region after either outcome, optionally after Guardian/Echo/resonance",talk to individual NPC by stable ID; inspect saved physical consequence,Roots remember elected access and old disputes instead of being magically healed.,npc.orchard.untitled.001,You came back. Roots remember elected access and old disputes instead of being magically healed. I have not forgotten the path you chose.,Area unloaded or a followup system still dormant,Core first story remains complete; later optional chapters appear only when their own prerequisites hold,One-time local first story outcome plus optional separate relationship visits,,
FirstAbsence_arrival,FirstAbsence,QUEST_MAIN_FirstAbsence,arrival,player within safe southern arrival zone after earned AtlasPassages crossing,Inspect the real realm public Campaign.Thread marker or speak to a resident,Read both stable-memory and contradictory-map evidence before choosing an origin anchor,npc.absence.firstwitness.001,I remember your arrival before this threshold existed. I don't know which memory came first.,No valid sightline or current quest not started,Return to safe arrival path; map marker remains readable without taking rewards,world visit/initial dialogue; no new required quest flag,,
FirstAbsence_investigation,FirstAbsence,QUEST_MAIN_FirstAbsence,investigation,local first quest begun by actual relevant NPC,"Inspect either physical evidence object, never resolve by dialogue text alone",Open one real threshold with stable fallback travel,npc.absence.caretaker.001,A safe door is more useful than deciding whose beginning is true.,"Wrong site, unreadable text or hazard damage before evidence was collected","Evidence remains independently inspectable; stable safe route, no story skip or permanent lockout",LaterRealm.stage=2 and pending care/truth evidence,,Absence.Trial.StableMemory;Absence.Trial.ContradictoryMap
FirstAbsence_mechanism,FirstAbsence,QUEST_MAIN_FirstAbsence,mechanism,matching locally saved evidence acquired; mechanism is interactable,"Use actual site actor; check line of sight, stage and evidence match","Confront Nhal-Vey's mask, unveiled form, and deliberate future-choice controls",npc.absence.firstwitness.001,I remember your arrival before this threshold existed. I don't know which memory came first. The two truthful beginnings at one usable threshold gives you one chance to change the place responsibly.,"Mechanism blocked, invalid/wrong evidence or missing power prerequisite",Return to the matching clue and retry physical mechanism; never consume evidence on failed persistence,Original first-quest mechanism action; its current stage/choice,,Absence.Trial.OriginAnchor
FirstAbsence_care_commit,FirstAbsence,QUEST_MAIN_FirstAbsence,care_commit,mechanism and care evidence valid; chosen care route explicitly previewed and confirmed,two deliberate matching confirmations; physical branch and collision must change,Reliable passage exists without erasing other origins.,npc.absence.caretaker.001,"Leave a stable return for every traveler, regardless of origin.","SaveGameToSlot failure, mismatched scope, missed confirmation window",Keep previous world and pending quest state; repeat deliberate confirmation after save works,Original first-story outcome 1; physical care passage and local visible public effect,care,
FirstAbsence_truth_commit,FirstAbsence,QUEST_MAIN_FirstAbsence,truth_commit,mechanism and truth evidence valid; chosen truth route explicitly previewed and confirmed,two deliberate matching confirmations; physical branch and collision must change,Both maps remain inspectable without one mandatory universal history.,npc.absence.otherwitness.001,Preserve both honest maps. Don't grant one witness the power to erase the other.,"SaveGameToSlot failure, consent condition unfulfilled, mismatched confirmation",Restore previous route; allow player to change evidence route before irreversible save,Original first-story outcome 2; public evidence record and local visible physical effect,truth,
FirstAbsence_return,FirstAbsence,QUEST_MAIN_FirstAbsence,return,"reenter region after either outcome, optionally after Guardian/Echo/resonance",talk to individual NPC by stable ID; inspect saved physical consequence,Held Morning uses bell/names echo attacks; Many Mornings uses horizon/counterfactual echoes.,npc.absence.firstwitness.001,You came back. Held Morning uses bell/names echo attacks; Many Mornings uses horizon/counterfactual echoes. I have not forgotten the path you chose.,Area unloaded or a followup system still dormant,Core first story remains complete; later optional chapters appear only when their own prerequisites hold,One-time local first story outcome plus optional separate relationship visits,,
