Name,StableId,DisplayName,Realm,DayLine,NightLine,Desire,Fear,KnowledgeBoundary,VoiceDirection,VisualDirection,Gesture
npc_tidal_ledgerkeeper_001,npc.tidal.ledgerkeeper.001,Veynu of the Ninth Due,TidalLedger,"I keep the due dates, but no ledger permits a child to inherit an unwritten loan.",At night I hear the unpaid winters knocking against the pier's empty posts.,Find a lawful harbor for people whose futures were pledged before birth.,The city will call compassion a bookkeeping error.,Has handled the cradle seal; has not met the person whose name it hides.,Thin nasal resonance over deliberate silences,"Ink-dipped fingers, braided clock cord, one inkless palm",Turns an invisible page before answering
npc_tidal_ferryman_001,npc.tidal.ferryman.001,Orshel Drywake,TidalLedger,The ferry goes even without a sea; the child on my route still needs a shore.,The oars make no sound now. That is how I know someone is listening.,Keep a private safe crossing for a dependent who never agreed to a lender's bargain.,Public exposure may let creditors find an unregistered child.,"Knows the shelter route firsthand, not the fraud's exact authors.",Gravel-soft voice with waterless breaths,"Rope coat, boat hook with no metal tip, unclaimed life vest",Measures empty water with an oar
npc_tidal_witness_001,npc.tidal.witness.001,Ezzun Aftermark,TidalLedger,"This signature belongs to me, but the contract was written before my grandmother's birth.","I dreamed of signing twice, then found a third date in the keel.",Publish traceable fraud without turning borrowers into exhibits.,A corrected record might expose someone still in danger.,Personally signed a later copy; did not see the original bargain.,Quietly precise consonants interrupted by uncertainty,"Shimmering date-glass monocle, ferry clerk's blue sash","Counts years on knuckles, gets to nine then stops"
npc_sky_choirmaster_001,npc.sky.choirmaster.001,Yllesh Underchord,SkyBelow,Count the rests. A missing voice can be heard most clearly when we pause.,Tonight the high houses drift toward a note none of us admits singing.,Keep hanging neighborhoods grounded without conscripting silenced residents.,Stopping the choir for justice could drop occupied houses.,"Knows the support score and its original omissions, not who ordered the erasures.",Resonant alto speaking just below musical pitch,Layered sleeve-cables and a silent tuning pin,Holds a listening hand beneath the chin
npc_sky_structuralist_001,npc.sky.structuralist.001,Vhaurn Counterweight,SkyBelow,The sleepers are my calculation; I refuse to call them an acceptable loss.,Every nail loosens at night if the choir's breathing falters.,Design a fair structural cadence shared by capable volunteers.,Rescue efforts may overlook the households that cannot move.,Counted buildings and loads firsthand; did not hear the prohibited testimony.,"Measured clipped syllables, audible count under stress",Stone-weight apron and a rotating brass plumb,Checks an imaginary line through a hanging beam
npc_sky_dissenter_001,npc.sky.dissenter.001,Orru of the Removed Rest,SkyBelow,Their names are not dissonance. The city invented silence to avoid hearing them.,My forbidden score has six voices more than the public one.,Restore identity and voluntary participation to erased choir members.,An open performance may attract coercive wardens.,"Preserved the confiscated notes, not the load-bearing calculations.","Faintly layered whisper, a held final vowel",Ink-black choral scarf with an uneven staff,Moves lips through a silent interval
npc_bones_seamwarden_001,npc.bones.seamwarden.001,Ghraet Last-Seam,CinderSpine,There is no clean cut. Tell me whose name is inside the next block.,I know what the quarry remembers when our lamps go out.,Keep the settlement alive without consuming its unknown ancestors.,A halted quarry could leave families without safe heat or shelter.,Knows seam operations firsthand; has not met every claimant.,"Deep rasp like layered stone, brief gentle replies",Quarry visor with two inherited but unmatched initials,Touches walls before entering
npc_bones_mason_001,npc.bones.mason.001,Torrun-Mortar,CinderSpine,An honest brace should hold a house without stealing the foundation from someone else.,The wall breathes at night; I think it dreams of the family we forgot.,Rebuild a safe communal housing row with documented materials.,A public ancestry inquiry may condemn the last standing homes.,Knows wall stresses and material provenance; not distant descendants' memories.,Measured baritone with small musical knocks,"Dust hood, three distinct bone-white trowels",Knocks three times to test a joint
npc_bones_descendant_001,npc.bones.descendant.001,Issil Againborn,CinderSpine,The portrait recognizes me more readily than the census does.,My grandmother speaks from the mortar only when the house is empty.,Recover names without letting the mine claim ownership of them.,An official record could dismiss living family accounts as delusion.,Remembers the portrait's face; cannot certify other family records.,Warm voice that catches on unanswerable questions,"Family knots around wrist, incomplete stitched surname",Straightens an absent elder's shawl
npc_unlived_censuskeeper_001,npc.unlived.censuskeeper.001,Nhel of No-Entry,HundredUnlived,A blank space in the census is not a blank person.,"The doors count our footsteps at night, and the numbers never agree.",Make civic services available without mandatory origin documents.,Officials may use recognition records as a tool for deletion.,"Can inspect official counts, not private guest identities.",Flat bureaucratic cadence softening mid-sentence,Numberless copper tokens and a reversible clerk coat,Offers an empty page instead of a form
npc_unlived_caretaker_001,npc.unlived.caretaker.001,Auvet Keep-Quiet,HundredUnlived,Tell me what would make you safe. A name can wait.,Some guests sleep better if I leave the lamps on and ask nothing.,Maintain unconditional shelter and let every guest control disclosure.,A public registry may reveal the people who chose obscurity.,Knows guests' stated needs only; deliberately keeps no census ledger.,"Low warm tone, spacious silence for consent","Patchwork cloak with no insignia, open-handed posture",Leaves one key unlabelled on the table
npc_unlived_challenger_001,npc.unlived.challenger.001,Veysha Never-Signed,HundredUnlived,I have lived here every day. The city must learn to say so without claiming me.,Every morning I ask the same question: who signed my absence?,Win recognition with an explicit right to refuse and revoke visibility.,Private shelter alone may preserve structural exclusion.,Personally experienced exclusion; not authorized to disclose other residents.,"Clear ringing cadence, sometimes confrontational but not cruel",Civic banner stitched with a blank signature line,Holds a door open but does not cross first
npc_orchard_untitled_001,npc.orchard.untitled.001,Serriv Crownless,OrchardOfKings,I tend the court and hold no throne. That must be more than a costume.,At dusk the roots keep voting after the people have gone home.,Make collective decisions meaningful without appointing a disguised king.,Refusing the crown may hide unaccountable stewardship.,Can call a local assembly but cannot consent on everyone's behalf.,"Careful layered phrasing, no royal pronouncements",Bark mantle with a hollow wreath,Sets down an invisible crown before speaking
npc_orchard_gardener_001,npc.orchard.gardener.001,Imro Root-Vote,OrchardOfKings,A road is not public if its fruit feeds only the people who control the roots.,The orchard counts empty baskets before it counts its rulers.,Keep harvest and routes accessible regardless of political allegiance.,Legal debates may starve families before a compromise is reached.,"Has tracked neighborhood food use, not secret crown succession.",Quiet quick cadence like leaves against glass,Fruit-stained gloves and living graft knife,Ties a knot only after asking consent
npc_orchard_historian_001,npc.orchard.historian.001,Eliun No-Coronation,OrchardOfKings,The earliest law is a refusal signed by the people the court calls subjects.,The empty throne has more witnesses than any occupied one.,Record disputed titles without converting dissent into hereditary rule.,Archiving an unclaimed right may let claimants abuse it later.,"Can interpret historical inscriptions, not claim a living mandate.","Gravely precise, dissonant polite questions","Unrolled blank charter, thornless coronation pins",Reads between the lines of a bark scroll
npc_absence_firstwitness_001,npc.absence.firstwitness.001,Orriv Before-Arrival,FirstAbsence,I remember meeting you before either of us reached this shore.,The earlier footprint is still warm when the universe goes quiet.,Preserve a survivable threshold without proving that any one origin owns it.,The traveler may mistake the first account for the only account.,Remembers a prior version of the encounter; cannot speak for all histories.,Two close voice pitches sharing one breath,Coat with seams on both outside surfaces,Offers a hand a moment before it is requested
npc_absence_caretaker_001,npc.absence.caretaker.001,Thae of the Near Door,FirstAbsence,Stay within sight of the return path. You owe no one an explanation yet.,A safe doorway is still kind even when the wall around it is false.,Give arrivals a stable place to rest and choose their next story.,Celebrating paradox may strand travelers needing ordinary ground.,"Knows the reliable passage personally, not the other origin's witnesses.",Soft even cadence with an anchored final tone,Ash-white guide cord and portable lamp,Checks that everyone can see the next threshold
npc_absence_otherwitness_001,npc.absence.otherwitness.001,Veilune Both-Mornings,FirstAbsence,I saw the world begin twice. Both times there was someone holding the door.,At night both remembered dawns cast shadows through my room.,Preserve mutually true beginnings without forcing others into confusion.,Official order will call testimony dishonest unless it can be simplified.,Remembers two origins firsthand but does not know every traveler's past.,Paired near-identical voices with alternating stress,Two nonmatching footprints embroidered on gloves,Steps forward and back in one measured gesture
