Name,Realm,Culture,Architecture,PublicPrinciple,Ritual,SoundDirection,VisualDirection,OptionalActivity,CentralDispute
ThreefoldReach,ThreefoldReach,The Wayward Charter,"Stitched timber, refugee bells, chalk waystones and argument-plastered inns",A witnessed promise outranks an inherited seal.,"At first light two neighbors reread a road's name aloud, including those denied the original charter.","Struck copper bells, wagon-wheel rests and overlapping spoken distances",Mist gold and ink blue; stable landmarks before every camera turn,"Repair a communal mile marker using testimony, never repeated commodity grinding",Shelter requires trust; records demand difficult public consent
WidowedRain,WidowedRain,The Rainward Account,"Hollow boat-roofs, ledgers hung like prayer flags, dry harbors full of tide tools",Water belongs to its keepers only while they can prove it was shared.,A departing sailor leaves a dry cup on a sill for a sea not yet returned.,"Rain counted on glass, wet rope under wind, a bell with no answering buoy",Desaturated jade and pewter; reachable high ground and rainfall visibility options,Compare a chart with a first-hand shoreline witness,A broker sells remembered water to families who need actual rain
HearthBeneath,HearthBeneath,The Ember Commons,"Carved heat channels, shared kilns and soot-marked kinship walls","A fire is a promise to the next household, not hereditary property.",Each street relights an empty hearth before feeding the communal flame.,"Low stone resonance, breath, hammers and furnace air","Ember ochre, moss-black stone; non-flicker alternatives to fire flashes",Tend a heat channel and decide who receives warmth during shortages,Protecting an ember can become a justification for excluding outsiders
TidalLedger,TidalLedger,The Estuary of Owed Days,"Debt boats on foundations, inverted tide clocks, names bound into pier slats",Nobody may pledge the tomorrow of a person who cannot consent.,"A lender writes a due date, then washes the book and preserves the erased impression.","Distant oar strokes without water, scratch of debt stylus, delayed bell",Black teal with silver date-stamps; rising-tide warning indicators,Audit a ferry manifest by meeting a borrower and examining a physical seal,Relief now may hide the architecture of generational exploitation
SkyBelow,SkyBelow,The Downward Cantors,"Ceiling streets, hanging stairs, counterweighted houses and public score walls",No building should stand by erasing the person holding it up.,Neighbors sing a support note to each other before ascending.,"Voices above/below, stretched string harmonics, silent counted rests",Lavender slate with gold tuning points; optional static camera horizon,Help a family adjust a counterweight after observing its true load,Structural safety depends on forbidden unpaid labor
CinderSpine,CinderSpine,The Seam-Walkers,"Fossil ridges with family mortar, suspended quarry rails and layered graves",Stone cut from history still belongs to the people erased with it.,Quarry workers put a blank space in each wage ledger for missing ancestors.,"Stone groans, dry percussion and voices trapped in rock strata",Ash-white and iron purple; cracks visibly widen before collapse,Make a safe brace from a documented material source,The mine supports homes while it un-makes the lineages that built them
HundredUnlived,HundredUnlived,The Unentered Citizenry,"Addresses without numbers, consenting-door inscriptions, public thresholds with no census marks",The right to be sheltered cannot depend on surrendering an origin.,Hosts leave an unlabeled welcome cup and ask a guest how they wish to be addressed.,"Soft door clicks, unsent letters, footfalls that answer before they occur",Fog cobalt and warm shelter amber; no flashing identity scan required,Help a guest reach shelter without giving up an identity,Recognition may expose the very people it is meant to protect
OrchardOfKings,OrchardOfKings,The Untitled Courts,"Root-grown bridges, vacant tribunals, communal fruit vaults and unoccupied crowns",No law is just because its author wears a name.,Gardeners recite dissenting votes before deciding where a communal root may grow.,"Leaves tapping crowns, underground creaks and deliberate empty applause",Deep green and garnet with legible law marks on living bark,Regraft a public path by gaining consent from both sides,Refusing power can conceal power exercised without consent
FirstAbsence,FirstAbsence,The Before-Witnesses,"Thresholds without foundations, overlapping doorways and contested origin altars",More than one remembered beginning may be true without erasing any witness.,"Each newcomer is asked what they need, not which history they belong to.","Silent horizon pulses, doubled footfalls, an almost-remembered lullaby",Obsidian with contrasting pearl outlines; stable horizon setting mandatory,"Compare two truthful maps, keeping a safe return path open",An imposed single origin would stabilize space by invalidating lives
