Name,StableId,DisplayName,Realm,ReturnLine,AidLine,LocalPublicLine,NewMorningLine,PersonalConcern,NextVisitHook
npc_merchant_001,npc.merchant.001,The stallkeeper,ThreefoldReach,"The stallkeeper: ""I remember you. We spoke near the road between shelter and records; I kept your place at the stall. The price can wait while we finish our conversation.""","The stallkeeper: ""When you helped, I kept a spare supply aside for the next stranger, not a debt against you.""","The stallkeeper: ""Our road between shelter and records has changed, and I can speak about what happened here. I cannot swear to what a far-off witness saw.""","The stallkeeper: ""The morning looks different above the road between shelter and records. I remember who I was before the light changed.""",Keep the road between shelter and records safe while allowing its residents to disagree.,Ask about the road between shelter and records on a later day; do not assume a stranger's loyalty is bought.
npc_guard_001,npc.guard.001,A gate watchkeeper,ThreefoldReach,"A gate watchkeeper: ""I remember you. We spoke near the road between shelter and records; I recognized your footsteps at the gate; the patrol changed, but the watch remembers.""","A gate watchkeeper: ""You helped while I was on watch. I won't treat that like a favor someone must repay.""","A gate watchkeeper: ""Our road between shelter and records has changed, and I can speak about what happened here. I cannot swear to what a far-off witness saw.""","A gate watchkeeper: ""The morning looks different above the road between shelter and records. I remember who I was before the light changed.""",Keep the road between shelter and records safe while allowing its residents to disagree.,Ask about the road between shelter and records on a later day; do not assume a stranger's loyalty is bought.
npc_wanderer_001,npc.wanderer.001,A passing stranger,ThreefoldReach,"A passing stranger: ""I remember you. We spoke near the road between shelter and records; I marked the turning where we spoke; finding you again makes the road less lonely.""","A passing stranger: ""You helped me find a way through; I can sit beside you without asking where you came from.""","A passing stranger: ""Our road between shelter and records has changed, and I can speak about what happened here. I cannot swear to what a far-off witness saw.""","A passing stranger: ""The morning looks different above the road between shelter and records. I remember who I was before the light changed.""",Keep the road between shelter and records safe while allowing its residents to disagree.,Ask about the road between shelter and records on a later day; do not assume a stranger's loyalty is bought.
npc_archivist_001,npc.archivist.001,The records keeper,ThreefoldReach,"The records keeper: ""I remember you. We spoke near the road between shelter and records; I kept our earlier testimony separate from rumor, just as you asked.""","The records keeper: ""I wrote down your aid as something I witnessed, not an extraordinary rumor.""","The records keeper: ""Our road between shelter and records has changed, and I can speak about what happened here. I cannot swear to what a far-off witness saw.""","The records keeper: ""The morning looks different above the road between shelter and records. I remember who I was before the light changed.""",Keep the road between shelter and records safe while allowing its residents to disagree.,Ask about the road between shelter and records on a later day; do not assume a stranger's loyalty is bought.
npc_courier_001,npc.courier.001,A courier,ThreefoldReach,"A courier: ""I remember you. We spoke near the road between shelter and records; I kept a letter for you, but I will not pretend I know the road you took.""","A courier: ""You helped me deliver what mattered. I remember who was there when the road turned.""","A courier: ""Our road between shelter and records has changed, and I can speak about what happened here. I cannot swear to what a far-off witness saw.""","A courier: ""The morning looks different above the road between shelter and records. I remember who I was before the light changed.""",Keep the road between shelter and records safe while allowing its residents to disagree.,Ask about the road between shelter and records on a later day; do not assume a stranger's loyalty is bought.
npc_welllistener_001,npc.welllistener.001,The well listener,ThreefoldReach,"The well listener: ""I remember you. We spoke near the road between shelter and records; I kept our earlier testimony separate from rumor, just as you asked.""","The well listener: ""I wrote down your aid as something I witnessed, not an extraordinary rumor.""","The well listener: ""Our road between shelter and records has changed, and I can speak about what happened here. I cannot swear to what a far-off witness saw.""","The well listener: ""The morning looks different above the road between shelter and records. I remember who I was before the light changed.""",Keep the road between shelter and records safe while allowing its residents to disagree.,Ask about the road between shelter and records on a later day; do not assume a stranger's loyalty is bought.
npc_orchardexile_001,npc.orchardexile.001,The displaced orchard keeper,ThreefoldReach,"The displaced orchard keeper: ""I remember you. We spoke near the road between shelter and records; I marked the turning where we spoke; finding you again makes the road less lonely.""","The displaced orchard keeper: ""You helped me find a way through; I can sit beside you without asking where you came from.""","The displaced orchard keeper: ""Our road between shelter and records has changed, and I can speak about what happened here. I cannot swear to what a far-off witness saw.""","The displaced orchard keeper: ""The morning looks different above the road between shelter and records. I remember who I was before the light changed.""",Keep the road between shelter and records safe while allowing its residents to disagree.,Ask about the road between shelter and records on a later day; do not assume a stranger's loyalty is bought.
npc_tollbroker_001,npc.tollbroker.001,The keeper of future debts,ThreefoldReach,"The keeper of future debts: ""I remember you. We spoke near the road between shelter and records; I kept your place at the stall. The price can wait while we finish our conversation.""","The keeper of future debts: ""When you helped, I kept a spare supply aside for the next stranger, not a debt against you.""","The keeper of future debts: ""Our road between shelter and records has changed, and I can speak about what happened here. I cannot swear to what a far-off witness saw.""","The keeper of future debts: ""The morning looks different above the road between shelter and records. I remember who I was before the light changed.""",Keep the road between shelter and records safe while allowing its residents to disagree.,Ask about the road between shelter and records on a later day; do not assume a stranger's loyalty is bought.
npc_roadwarden_001,npc.roadwarden.001,The road warden,ThreefoldReach,"The road warden: ""I remember you. We spoke near the road between shelter and records; I recognized your footsteps at the gate; the patrol changed, but the watch remembers.""","The road warden: ""You helped while I was on watch. I won't treat that like a favor someone must repay.""","The road warden: ""Our road between shelter and records has changed, and I can speak about what happened here. I cannot swear to what a far-off witness saw.""","The road warden: ""The morning looks different above the road between shelter and records. I remember who I was before the light changed.""",Keep the road between shelter and records safe while allowing its residents to disagree.,Ask about the road between shelter and records on a later day; do not assume a stranger's loyalty is bought.
npc_bellmaker_001,npc.bellmaker.001,The bell maker,ThreefoldReach,"The bell maker: ""I remember you. We spoke near the road between shelter and records; I kept your place at the stall. The price can wait while we finish our conversation.""","The bell maker: ""When you helped, I kept a spare supply aside for the next stranger, not a debt against you.""","The bell maker: ""Our road between shelter and records has changed, and I can speak about what happened here. I cannot swear to what a far-off witness saw.""","The bell maker: ""The morning looks different above the road between shelter and records. I remember who I was before the light changed.""",Keep the road between shelter and records safe while allowing its residents to disagree.,Ask about the road between shelter and records on a later day; do not assume a stranger's loyalty is bought.
npc_nightcourier_001,npc.nightcourier.001,The night courier,ThreefoldReach,"The night courier: ""I remember you. We spoke near the road between shelter and records; I kept a letter for you, but I will not pretend I know the road you took.""","The night courier: ""You helped me deliver what mattered. I remember who was there when the road turned.""","The night courier: ""Our road between shelter and records has changed, and I can speak about what happened here. I cannot swear to what a far-off witness saw.""","The night courier: ""The morning looks different above the road between shelter and records. I remember who I was before the light changed.""",Keep the road between shelter and records safe while allowing its residents to disagree.,Ask about the road between shelter and records on a later day; do not assume a stranger's loyalty is bought.
npc_metalworker_001,npc.metalworker.001,Mara the metalworker,ThreefoldReach,"Mara the metalworker: ""I remember you. We spoke near the road between shelter and records; I kept your place at the stall. The price can wait while we finish our conversation.""","Mara the metalworker: ""When you helped, I kept a spare supply aside for the next stranger, not a debt against you.""","Mara the metalworker: ""Our road between shelter and records has changed, and I can speak about what happened here. I cannot swear to what a far-off witness saw.""","Mara the metalworker: ""The morning looks different above the road between shelter and records. I remember who I was before the light changed.""",Keep the road between shelter and records safe while allowing its residents to disagree.,Ask about the road between shelter and records on a later day; do not assume a stranger's loyalty is bought.
npc_inkmender_001,npc.inkmender.001,Tovin the ink mender,ThreefoldReach,"Tovin the ink mender: ""I remember you. We spoke near the road between shelter and records; I kept our earlier testimony separate from rumor, just as you asked.""","Tovin the ink mender: ""I wrote down your aid as something I witnessed, not an extraordinary rumor.""","Tovin the ink mender: ""Our road between shelter and records has changed, and I can speak about what happened here. I cannot swear to what a far-off witness saw.""","Tovin the ink mender: ""The morning looks different above the road between shelter and records. I remember who I was before the light changed.""",Keep the road between shelter and records safe while allowing its residents to disagree.,Ask about the road between shelter and records on a later day; do not assume a stranger's loyalty is bought.
npc_hearthwatch_001,npc.hearthwatch.001,Nira of the hearth,ThreefoldReach,"Nira of the hearth: ""I remember you. We spoke near the road between shelter and records; I marked the turning where we spoke; finding you again makes the road less lonely.""","Nira of the hearth: ""You helped me find a way through; I can sit beside you without asking where you came from.""","Nira of the hearth: ""Our road between shelter and records has changed, and I can speak about what happened here. I cannot swear to what a far-off witness saw.""","Nira of the hearth: ""The morning looks different above the road between shelter and records. I remember who I was before the light changed.""",Keep the road between shelter and records safe while allowing its residents to disagree.,Ask about the road between shelter and records on a later day; do not assume a stranger's loyalty is bought.
npc_bridgekeeper_001,npc.bridgekeeper.001,Orrel the bridge keeper,ThreefoldReach,"Orrel the bridge keeper: ""I remember you. We spoke near the road between shelter and records; I recognized your footsteps at the gate; the patrol changed, but the watch remembers.""","Orrel the bridge keeper: ""You helped while I was on watch. I won't treat that like a favor someone must repay.""","Orrel the bridge keeper: ""Our road between shelter and records has changed, and I can speak about what happened here. I cannot swear to what a far-off witness saw.""","Orrel the bridge keeper: ""The morning looks different above the road between shelter and records. I remember who I was before the light changed.""",Keep the road between shelter and records safe while allowing its residents to disagree.,Ask about the road between shelter and records on a later day; do not assume a stranger's loyalty is bought.
npc_marketporter_001,npc.marketporter.001,Kesta the porter,ThreefoldReach,"Kesta the porter: ""I remember you. We spoke near the road between shelter and records; I kept a letter for you, but I will not pretend I know the road you took.""","Kesta the porter: ""You helped me deliver what mattered. I remember who was there when the road turned.""","Kesta the porter: ""Our road between shelter and records has changed, and I can speak about what happened here. I cannot swear to what a far-off witness saw.""","Kesta the porter: ""The morning looks different above the road between shelter and records. I remember who I was before the light changed.""",Keep the road between shelter and records safe while allowing its residents to disagree.,Ask about the road between shelter and records on a later day; do not assume a stranger's loyalty is bought.
npc_bellwold_matron_001,npc.bellwold.matron.001,Hessa the refuge matron,ThreefoldReach,"Hessa the refuge matron: ""I remember you. We spoke near the road between shelter and records; I marked the turning where we spoke; finding you again makes the road less lonely.""","Hessa the refuge matron: ""You helped me find a way through; I can sit beside you without asking where you came from.""","Hessa the refuge matron: ""Our road between shelter and records has changed, and I can speak about what happened here. I cannot swear to what a far-off witness saw.""","Hessa the refuge matron: ""The morning looks different above the road between shelter and records. I remember who I was before the light changed.""",Keep the road between shelter and records safe while allowing its residents to disagree.,Ask about the road between shelter and records on a later day; do not assume a stranger's loyalty is bought.
npc_bellwold_stonewright_001,npc.bellwold.stonewright.001,Corvin the stonewright,ThreefoldReach,"Corvin the stonewright: ""I remember you. We spoke near the road between shelter and records; I kept your place at the stall. The price can wait while we finish our conversation.""","Corvin the stonewright: ""When you helped, I kept a spare supply aside for the next stranger, not a debt against you.""","Corvin the stonewright: ""Our road between shelter and records has changed, and I can speak about what happened here. I cannot swear to what a far-off witness saw.""","Corvin the stonewright: ""The morning looks different above the road between shelter and records. I remember who I was before the light changed.""",Keep the road between shelter and records safe while allowing its residents to disagree.,Ask about the road between shelter and records on a later day; do not assume a stranger's loyalty is bought.
npc_bellwold_guard_001,npc.bellwold.guard.001,Bram the watch captain,ThreefoldReach,"Bram the watch captain: ""I remember you. We spoke near the road between shelter and records; I recognized your footsteps at the gate; the patrol changed, but the watch remembers.""","Bram the watch captain: ""You helped while I was on watch. I won't treat that like a favor someone must repay.""","Bram the watch captain: ""Our road between shelter and records has changed, and I can speak about what happened here. I cannot swear to what a far-off witness saw.""","Bram the watch captain: ""The morning looks different above the road between shelter and records. I remember who I was before the light changed.""",Keep the road between shelter and records safe while allowing its residents to disagree.,Ask about the road between shelter and records on a later day; do not assume a stranger's loyalty is bought.
npc_bellwold_healer_001,npc.bellwold.healer.001,Sorin the healer,ThreefoldReach,"Sorin the healer: ""I remember you. We spoke near the road between shelter and records; I kept our earlier testimony separate from rumor, just as you asked.""","Sorin the healer: ""I wrote down your aid as something I witnessed, not an extraordinary rumor.""","Sorin the healer: ""Our road between shelter and records has changed, and I can speak about what happened here. I cannot swear to what a far-off witness saw.""","Sorin the healer: ""The morning looks different above the road between shelter and records. I remember who I was before the light changed.""",Keep the road between shelter and records safe while allowing its residents to disagree.,Ask about the road between shelter and records on a later day; do not assume a stranger's loyalty is bought.
npc_bellwold_courier_001,npc.bellwold.courier.001,Elsa the message runner,ThreefoldReach,"Elsa the message runner: ""I remember you. We spoke near the road between shelter and records; I kept a letter for you, but I will not pretend I know the road you took.""","Elsa the message runner: ""You helped me deliver what mattered. I remember who was there when the road turned.""","Elsa the message runner: ""Our road between shelter and records has changed, and I can speak about what happened here. I cannot swear to what a far-off witness saw.""","Elsa the message runner: ""The morning looks different above the road between shelter and records. I remember who I was before the light changed.""",Keep the road between shelter and records safe while allowing its residents to disagree.,Ask about the road between shelter and records on a later day; do not assume a stranger's loyalty is bought.
npc_bellwold_shepherd_001,npc.bellwold.shepherd.001,Anwen the shepherd,ThreefoldReach,"Anwen the shepherd: ""I remember you. We spoke near the road between shelter and records; I marked the turning where we spoke; finding you again makes the road less lonely.""","Anwen the shepherd: ""You helped me find a way through; I can sit beside you without asking where you came from.""","Anwen the shepherd: ""Our road between shelter and records has changed, and I can speak about what happened here. I cannot swear to what a far-off witness saw.""","Anwen the shepherd: ""The morning looks different above the road between shelter and records. I remember who I was before the light changed.""",Keep the road between shelter and records safe while allowing its residents to disagree.,Ask about the road between shelter and records on a later day; do not assume a stranger's loyalty is bought.
npc_bellwold_tanner_001,npc.bellwold.tanner.001,Perrin the tanner,ThreefoldReach,"Perrin the tanner: ""I remember you. We spoke near the road between shelter and records; I kept your place at the stall. The price can wait while we finish our conversation.""","Perrin the tanner: ""When you helped, I kept a spare supply aside for the next stranger, not a debt against you.""","Perrin the tanner: ""Our road between shelter and records has changed, and I can speak about what happened here. I cannot swear to what a far-off witness saw.""","Perrin the tanner: ""The morning looks different above the road between shelter and records. I remember who I was before the light changed.""",Keep the road between shelter and records safe while allowing its residents to disagree.,Ask about the road between shelter and records on a later day; do not assume a stranger's loyalty is bought.
npc_bellwold_vigil_001,npc.bellwold.vigil.001,Dessa of the night vigil,ThreefoldReach,"Dessa of the night vigil: ""I remember you. We spoke near the road between shelter and records; I recognized your footsteps at the gate; the patrol changed, but the watch remembers.""","Dessa of the night vigil: ""You helped while I was on watch. I won't treat that like a favor someone must repay.""","Dessa of the night vigil: ""Our road between shelter and records has changed, and I can speak about what happened here. I cannot swear to what a far-off witness saw.""","Dessa of the night vigil: ""The morning looks different above the road between shelter and records. I remember who I was before the light changed.""",Keep the road between shelter and records safe while allowing its residents to disagree.,Ask about the road between shelter and records on a later day; do not assume a stranger's loyalty is bought.
npc_bellwold_childtutor_001,npc.bellwold.childtutor.001,Ivera the tutor,ThreefoldReach,"Ivera the tutor: ""I remember you. We spoke near the road between shelter and records; I kept our earlier testimony separate from rumor, just as you asked.""","Ivera the tutor: ""I wrote down your aid as something I witnessed, not an extraordinary rumor.""","Ivera the tutor: ""Our road between shelter and records has changed, and I can speak about what happened here. I cannot swear to what a far-off witness saw.""","Ivera the tutor: ""The morning looks different above the road between shelter and records. I remember who I was before the light changed.""",Keep the road between shelter and records safe while allowing its residents to disagree.,Ask about the road between shelter and records on a later day; do not assume a stranger's loyalty is bought.
npc_bellwold_baker_001,npc.bellwold.baker.001,Tessa the baker,ThreefoldReach,"Tessa the baker: ""I remember you. We spoke near the road between shelter and records; I kept your place at the stall. The price can wait while we finish our conversation.""","Tessa the baker: ""When you helped, I kept a spare supply aside for the next stranger, not a debt against you.""","Tessa the baker: ""Our road between shelter and records has changed, and I can speak about what happened here. I cannot swear to what a far-off witness saw.""","Tessa the baker: ""The morning looks different above the road between shelter and records. I remember who I was before the light changed.""",Keep the road between shelter and records safe while allowing its residents to disagree.,Ask about the road between shelter and records on a later day; do not assume a stranger's loyalty is bought.
npc_bellwold_lamplighter_001,npc.bellwold.lamplighter.001,Rook the lamplighter,ThreefoldReach,"Rook the lamplighter: ""I remember you. We spoke near the road between shelter and records; I kept a letter for you, but I will not pretend I know the road you took.""","Rook the lamplighter: ""You helped me deliver what mattered. I remember who was there when the road turned.""","Rook the lamplighter: ""Our road between shelter and records has changed, and I can speak about what happened here. I cannot swear to what a far-off witness saw.""","Rook the lamplighter: ""The morning looks different above the road between shelter and records. I remember who I was before the light changed.""",Keep the road between shelter and records safe while allowing its residents to disagree.,Ask about the road between shelter and records on a later day; do not assume a stranger's loyalty is bought.
npc_bellwold_millhand_001,npc.bellwold.millhand.001,Vale the millhand,ThreefoldReach,"Vale the millhand: ""I remember you. We spoke near the road between shelter and records; I marked the turning where we spoke; finding you again makes the road less lonely.""","Vale the millhand: ""You helped me find a way through; I can sit beside you without asking where you came from.""","Vale the millhand: ""Our road between shelter and records has changed, and I can speak about what happened here. I cannot swear to what a far-off witness saw.""","Vale the millhand: ""The morning looks different above the road between shelter and records. I remember who I was before the light changed.""",Keep the road between shelter and records safe while allowing its residents to disagree.,Ask about the road between shelter and records on a later day; do not assume a stranger's loyalty is bought.
npc_bellwold_pathfinder_001,npc.bellwold.pathfinder.001,Oren the pathfinder,ThreefoldReach,"Oren the pathfinder: ""I remember you. We spoke near the road between shelter and records; I recognized your footsteps at the gate; the patrol changed, but the watch remembers.""","Oren the pathfinder: ""You helped while I was on watch. I won't treat that like a favor someone must repay.""","Oren the pathfinder: ""Our road between shelter and records has changed, and I can speak about what happened here. I cannot swear to what a far-off witness saw.""","Oren the pathfinder: ""The morning looks different above the road between shelter and records. I remember who I was before the light changed.""",Keep the road between shelter and records safe while allowing its residents to disagree.,Ask about the road between shelter and records on a later day; do not assume a stranger's loyalty is bought.
npc_bellwold_relickeeper_001,npc.bellwold.relickeeper.001,Isma the relic keeper,ThreefoldReach,"Isma the relic keeper: ""I remember you. We spoke near the road between shelter and records; I kept our earlier testimony separate from rumor, just as you asked.""","Isma the relic keeper: ""I wrote down your aid as something I witnessed, not an extraordinary rumor.""","Isma the relic keeper: ""Our road between shelter and records has changed, and I can speak about what happened here. I cannot swear to what a far-off witness saw.""","Isma the relic keeper: ""The morning looks different above the road between shelter and records. I remember who I was before the light changed.""",Keep the road between shelter and records safe while allowing its residents to disagree.,Ask about the road between shelter and records on a later day; do not assume a stranger's loyalty is bought.
npc_bellwold_fletcher_001,npc.bellwold.fletcher.001,Fen the fletcher,ThreefoldReach,"Fen the fletcher: ""I remember you. We spoke near the road between shelter and records; I kept your place at the stall. The price can wait while we finish our conversation.""","Fen the fletcher: ""When you helped, I kept a spare supply aside for the next stranger, not a debt against you.""","Fen the fletcher: ""Our road between shelter and records has changed, and I can speak about what happened here. I cannot swear to what a far-off witness saw.""","Fen the fletcher: ""The morning looks different above the road between shelter and records. I remember who I was before the light changed.""",Keep the road between shelter and records safe while allowing its residents to disagree.,Ask about the road between shelter and records on a later day; do not assume a stranger's loyalty is bought.
npc_bellwold_woodcarrier_001,npc.bellwold.woodcarrier.001,Belyn the wood carrier,ThreefoldReach,"Belyn the wood carrier: ""I remember you. We spoke near the road between shelter and records; I kept a letter for you, but I will not pretend I know the road you took.""","Belyn the wood carrier: ""You helped me deliver what mattered. I remember who was there when the road turned.""","Belyn the wood carrier: ""Our road between shelter and records has changed, and I can speak about what happened here. I cannot swear to what a far-off witness saw.""","Belyn the wood carrier: ""The morning looks different above the road between shelter and records. I remember who I was before the light changed.""",Keep the road between shelter and records safe while allowing its residents to disagree.,Ask about the road between shelter and records on a later day; do not assume a stranger's loyalty is bought.
npc_paperhaven_registrar_001,npc.paperhaven.registrar.001,Sevrin the registrar,ThreefoldReach,"Sevrin the registrar: ""I remember you. We spoke near the road between shelter and records; I kept our earlier testimony separate from rumor, just as you asked.""","Sevrin the registrar: ""I wrote down your aid as something I witnessed, not an extraordinary rumor.""","Sevrin the registrar: ""Our road between shelter and records has changed, and I can speak about what happened here. I cannot swear to what a far-off witness saw.""","Sevrin the registrar: ""The morning looks different above the road between shelter and records. I remember who I was before the light changed.""",Keep the road between shelter and records safe while allowing its residents to disagree.,Ask about the road between shelter and records on a later day; do not assume a stranger's loyalty is bought.
npc_paperhaven_guard_001,npc.paperhaven.guard.001,Alis the archive sentinel,ThreefoldReach,"Alis the archive sentinel: ""I remember you. We spoke near the road between shelter and records; I recognized your footsteps at the gate; the patrol changed, but the watch remembers.""","Alis the archive sentinel: ""You helped while I was on watch. I won't treat that like a favor someone must repay.""","Alis the archive sentinel: ""Our road between shelter and records has changed, and I can speak about what happened here. I cannot swear to what a far-off witness saw.""","Alis the archive sentinel: ""The morning looks different above the road between shelter and records. I remember who I was before the light changed.""",Keep the road between shelter and records safe while allowing its residents to disagree.,Ask about the road between shelter and records on a later day; do not assume a stranger's loyalty is bought.
npc_paperhaven_scribe_001,npc.paperhaven.scribe.001,Toma the copyist,ThreefoldReach,"Toma the copyist: ""I remember you. We spoke near the road between shelter and records; I kept our earlier testimony separate from rumor, just as you asked.""","Toma the copyist: ""I wrote down your aid as something I witnessed, not an extraordinary rumor.""","Toma the copyist: ""Our road between shelter and records has changed, and I can speak about what happened here. I cannot swear to what a far-off witness saw.""","Toma the copyist: ""The morning looks different above the road between shelter and records. I remember who I was before the light changed.""",Keep the road between shelter and records safe while allowing its residents to disagree.,Ask about the road between shelter and records on a later day; do not assume a stranger's loyalty is bought.
npc_paperhaven_merchant_001,npc.paperhaven.merchant.001,Myra the book trader,ThreefoldReach,"Myra the book trader: ""I remember you. We spoke near the road between shelter and records; I kept your place at the stall. The price can wait while we finish our conversation.""","Myra the book trader: ""When you helped, I kept a spare supply aside for the next stranger, not a debt against you.""","Myra the book trader: ""Our road between shelter and records has changed, and I can speak about what happened here. I cannot swear to what a far-off witness saw.""","Myra the book trader: ""The morning looks different above the road between shelter and records. I remember who I was before the light changed.""",Keep the road between shelter and records safe while allowing its residents to disagree.,Ask about the road between shelter and records on a later day; do not assume a stranger's loyalty is bought.
npc_paperhaven_courier_001,npc.paperhaven.courier.001,Rell the paper runner,ThreefoldReach,"Rell the paper runner: ""I remember you. We spoke near the road between shelter and records; I kept a letter for you, but I will not pretend I know the road you took.""","Rell the paper runner: ""You helped me deliver what mattered. I remember who was there when the road turned.""","Rell the paper runner: ""Our road between shelter and records has changed, and I can speak about what happened here. I cannot swear to what a far-off witness saw.""","Rell the paper runner: ""The morning looks different above the road between shelter and records. I remember who I was before the light changed.""",Keep the road between shelter and records safe while allowing its residents to disagree.,Ask about the road between shelter and records on a later day; do not assume a stranger's loyalty is bought.
npc_paperhaven_votary_001,npc.paperhaven.votary.001,Edris of the index,ThreefoldReach,"Edris of the index: ""I remember you. We spoke near the road between shelter and records; I marked the turning where we spoke; finding you again makes the road less lonely.""","Edris of the index: ""You helped me find a way through; I can sit beside you without asking where you came from.""","Edris of the index: ""Our road between shelter and records has changed, and I can speak about what happened here. I cannot swear to what a far-off witness saw.""","Edris of the index: ""The morning looks different above the road between shelter and records. I remember who I was before the light changed.""",Keep the road between shelter and records safe while allowing its residents to disagree.,Ask about the road between shelter and records on a later day; do not assume a stranger's loyalty is bought.
npc_paperhaven_archivist_001,npc.paperhaven.archivist.001,Calder the keeper of hours,ThreefoldReach,"Calder the keeper of hours: ""I remember you. We spoke near the road between shelter and records; I kept our earlier testimony separate from rumor, just as you asked.""","Calder the keeper of hours: ""I wrote down your aid as something I witnessed, not an extraordinary rumor.""","Calder the keeper of hours: ""Our road between shelter and records has changed, and I can speak about what happened here. I cannot swear to what a far-off witness saw.""","Calder the keeper of hours: ""The morning looks different above the road between shelter and records. I remember who I was before the light changed.""",Keep the road between shelter and records safe while allowing its residents to disagree.,Ask about the road between shelter and records on a later day; do not assume a stranger's loyalty is bought.
npc_paperhaven_guard2_001,npc.paperhaven.guard2.001,Yara of the seal,ThreefoldReach,"Yara of the seal: ""I remember you. We spoke near the road between shelter and records; I recognized your footsteps at the gate; the patrol changed, but the watch remembers.""","Yara of the seal: ""You helped while I was on watch. I won't treat that like a favor someone must repay.""","Yara of the seal: ""Our road between shelter and records has changed, and I can speak about what happened here. I cannot swear to what a far-off witness saw.""","Yara of the seal: ""The morning looks different above the road between shelter and records. I remember who I was before the light changed.""",Keep the road between shelter and records safe while allowing its residents to disagree.,Ask about the road between shelter and records on a later day; do not assume a stranger's loyalty is bought.
npc_paperhaven_binding_001,npc.paperhaven.binding.001,Ilen the bookbinder,ThreefoldReach,"Ilen the bookbinder: ""I remember you. We spoke near the road between shelter and records; I kept your place at the stall. The price can wait while we finish our conversation.""","Ilen the bookbinder: ""When you helped, I kept a spare supply aside for the next stranger, not a debt against you.""","Ilen the bookbinder: ""Our road between shelter and records has changed, and I can speak about what happened here. I cannot swear to what a far-off witness saw.""","Ilen the bookbinder: ""The morning looks different above the road between shelter and records. I remember who I was before the light changed.""",Keep the road between shelter and records safe while allowing its residents to disagree.,Ask about the road between shelter and records on a later day; do not assume a stranger's loyalty is bought.
npc_paperhaven_mapmaker_001,npc.paperhaven.mapmaker.001,Voss the mapmaker,ThreefoldReach,"Voss the mapmaker: ""I remember you. We spoke near the road between shelter and records; I kept our earlier testimony separate from rumor, just as you asked.""","Voss the mapmaker: ""I wrote down your aid as something I witnessed, not an extraordinary rumor.""","Voss the mapmaker: ""Our road between shelter and records has changed, and I can speak about what happened here. I cannot swear to what a far-off witness saw.""","Voss the mapmaker: ""The morning looks different above the road between shelter and records. I remember who I was before the light changed.""",Keep the road between shelter and records safe while allowing its residents to disagree.,Ask about the road between shelter and records on a later day; do not assume a stranger's loyalty is bought.
npc_paperhaven_surveyor_001,npc.paperhaven.surveyor.001,Dara the surveyor,ThreefoldReach,"Dara the surveyor: ""I remember you. We spoke near the road between shelter and records; I kept a letter for you, but I will not pretend I know the road you took.""","Dara the surveyor: ""You helped me deliver what mattered. I remember who was there when the road turned.""","Dara the surveyor: ""Our road between shelter and records has changed, and I can speak about what happened here. I cannot swear to what a far-off witness saw.""","Dara the surveyor: ""The morning looks different above the road between shelter and records. I remember who I was before the light changed.""",Keep the road between shelter and records safe while allowing its residents to disagree.,Ask about the road between shelter and records on a later day; do not assume a stranger's loyalty is bought.
npc_paperhaven_gardener_001,npc.paperhaven.gardener.001,Linn the dry gardener,ThreefoldReach,"Linn the dry gardener: ""I remember you. We spoke near the road between shelter and records; I marked the turning where we spoke; finding you again makes the road less lonely.""","Linn the dry gardener: ""You helped me find a way through; I can sit beside you without asking where you came from.""","Linn the dry gardener: ""Our road between shelter and records has changed, and I can speak about what happened here. I cannot swear to what a far-off witness saw.""","Linn the dry gardener: ""The morning looks different above the road between shelter and records. I remember who I was before the light changed.""",Keep the road between shelter and records safe while allowing its residents to disagree.,Ask about the road between shelter and records on a later day; do not assume a stranger's loyalty is bought.
npc_paperhaven_watchman_001,npc.paperhaven.watchman.001,Bret the last watchman,ThreefoldReach,"Bret the last watchman: ""I remember you. We spoke near the road between shelter and records; I recognized your footsteps at the gate; the patrol changed, but the watch remembers.""","Bret the last watchman: ""You helped while I was on watch. I won't treat that like a favor someone must repay.""","Bret the last watchman: ""Our road between shelter and records has changed, and I can speak about what happened here. I cannot swear to what a far-off witness saw.""","Bret the last watchman: ""The morning looks different above the road between shelter and records. I remember who I was before the light changed.""",Keep the road between shelter and records safe while allowing its residents to disagree.,Ask about the road between shelter and records on a later day; do not assume a stranger's loyalty is bought.
npc_paperhaven_glassworker_001,npc.paperhaven.glassworker.001,Meri the glassworker,ThreefoldReach,"Meri the glassworker: ""I remember you. We spoke near the road between shelter and records; I kept your place at the stall. The price can wait while we finish our conversation.""","Meri the glassworker: ""When you helped, I kept a spare supply aside for the next stranger, not a debt against you.""","Meri the glassworker: ""Our road between shelter and records has changed, and I can speak about what happened here. I cannot swear to what a far-off witness saw.""","Meri the glassworker: ""The morning looks different above the road between shelter and records. I remember who I was before the light changed.""",Keep the road between shelter and records safe while allowing its residents to disagree.,Ask about the road between shelter and records on a later day; do not assume a stranger's loyalty is bought.
npc_paperhaven_cataloguer_001,npc.paperhaven.cataloguer.001,Otho the cataloguer,ThreefoldReach,"Otho the cataloguer: ""I remember you. We spoke near the road between shelter and records; I kept our earlier testimony separate from rumor, just as you asked.""","Otho the cataloguer: ""I wrote down your aid as something I witnessed, not an extraordinary rumor.""","Otho the cataloguer: ""Our road between shelter and records has changed, and I can speak about what happened here. I cannot swear to what a far-off witness saw.""","Otho the cataloguer: ""The morning looks different above the road between shelter and records. I remember who I was before the light changed.""",Keep the road between shelter and records safe while allowing its residents to disagree.,Ask about the road between shelter and records on a later day; do not assume a stranger's loyalty is bought.
npc_paperhaven_lettercarrier_001,npc.paperhaven.lettercarrier.001,Sela the letter carrier,ThreefoldReach,"Sela the letter carrier: ""I remember you. We spoke near the road between shelter and records; I kept a letter for you, but I will not pretend I know the road you took.""","Sela the letter carrier: ""You helped me deliver what mattered. I remember who was there when the road turned.""","Sela the letter carrier: ""Our road between shelter and records has changed, and I can speak about what happened here. I cannot swear to what a far-off witness saw.""","Sela the letter carrier: ""The morning looks different above the road between shelter and records. I remember who I was before the light changed.""",Keep the road between shelter and records safe while allowing its residents to disagree.,Ask about the road between shelter and records on a later day; do not assume a stranger's loyalty is bought.
npc_saltwake_navigator_001,npc.saltwake.navigator.001,Sella the drowned navigator,WidowedRain,"Sella the drowned navigator: ""I remember you. We spoke near the wet harbor with no sea; I kept our earlier testimony separate from rumor, just as you asked.""","Sella the drowned navigator: ""I wrote down your aid as something I witnessed, not an extraordinary rumor.""","Sella the drowned navigator: ""Our wet harbor with no sea has changed, and I can speak about what happened here. I cannot swear to what a far-off witness saw.""","Sella the drowned navigator: ""The morning looks different above the wet harbor with no sea. I remember who I was before the light changed.""",Keep the wet harbor with no sea safe while allowing its residents to disagree.,Ask about the wet harbor with no sea on a later day; do not assume a stranger's loyalty is bought.
npc_saltwake_harborwarden_001,npc.saltwake.harborwarden.001,Harrow the harbor warden,WidowedRain,"Harrow the harbor warden: ""I remember you. We spoke near the wet harbor with no sea; I recognized your footsteps at the gate; the patrol changed, but the watch remembers.""","Harrow the harbor warden: ""You helped while I was on watch. I won't treat that like a favor someone must repay.""","Harrow the harbor warden: ""Our wet harbor with no sea has changed, and I can speak about what happened here. I cannot swear to what a far-off witness saw.""","Harrow the harbor warden: ""The morning looks different above the wet harbor with no sea. I remember who I was before the light changed.""",Keep the wet harbor with no sea safe while allowing its residents to disagree.,Ask about the wet harbor with no sea on a later day; do not assume a stranger's loyalty is bought.
npc_saltwake_netmender_001,npc.saltwake.netmender.001,Olsa the net mender,WidowedRain,"Olsa the net mender: ""I remember you. We spoke near the wet harbor with no sea; I kept your place at the stall. The price can wait while we finish our conversation.""","Olsa the net mender: ""When you helped, I kept a spare supply aside for the next stranger, not a debt against you.""","Olsa the net mender: ""Our wet harbor with no sea has changed, and I can speak about what happened here. I cannot swear to what a far-off witness saw.""","Olsa the net mender: ""The morning looks different above the wet harbor with no sea. I remember who I was before the light changed.""",Keep the wet harbor with no sea safe while allowing its residents to disagree.,Ask about the wet harbor with no sea on a later day; do not assume a stranger's loyalty is bought.
npc_saltwake_rainkeeper_001,npc.saltwake.rainkeeper.001,Thenn the rain keeper,WidowedRain,"Thenn the rain keeper: ""I remember you. We spoke near the wet harbor with no sea; I kept our earlier testimony separate from rumor, just as you asked.""","Thenn the rain keeper: ""I wrote down your aid as something I witnessed, not an extraordinary rumor.""","Thenn the rain keeper: ""Our wet harbor with no sea has changed, and I can speak about what happened here. I cannot swear to what a far-off witness saw.""","Thenn the rain keeper: ""The morning looks different above the wet harbor with no sea. I remember who I was before the light changed.""",Keep the wet harbor with no sea safe while allowing its residents to disagree.,Ask about the wet harbor with no sea on a later day; do not assume a stranger's loyalty is bought.
npc_saltwake_courier_001,npc.saltwake.courier.001,Mera the tide courier,WidowedRain,"Mera the tide courier: ""I remember you. We spoke near the wet harbor with no sea; I kept a letter for you, but I will not pretend I know the road you took.""","Mera the tide courier: ""You helped me deliver what mattered. I remember who was there when the road turned.""","Mera the tide courier: ""Our wet harbor with no sea has changed, and I can speak about what happened here. I cannot swear to what a far-off witness saw.""","Mera the tide courier: ""The morning looks different above the wet harbor with no sea. I remember who I was before the light changed.""",Keep the wet harbor with no sea safe while allowing its residents to disagree.,Ask about the wet harbor with no sea on a later day; do not assume a stranger's loyalty is bought.
npc_saltwake_gatherer_001,npc.saltwake.gatherer.001,Donn the salt gatherer,WidowedRain,"Donn the salt gatherer: ""I remember you. We spoke near the wet harbor with no sea; I marked the turning where we spoke; finding you again makes the road less lonely.""","Donn the salt gatherer: ""You helped me find a way through; I can sit beside you without asking where you came from.""","Donn the salt gatherer: ""Our wet harbor with no sea has changed, and I can speak about what happened here. I cannot swear to what a far-off witness saw.""","Donn the salt gatherer: ""The morning looks different above the wet harbor with no sea. I remember who I was before the light changed.""",Keep the wet harbor with no sea safe while allowing its residents to disagree.,Ask about the wet harbor with no sea on a later day; do not assume a stranger's loyalty is bought.
npc_saltwake_broker_001,npc.saltwake.broker.001,Iva the water broker,WidowedRain,"Iva the water broker: ""I remember you. We spoke near the wet harbor with no sea; I kept your place at the stall. The price can wait while we finish our conversation.""","Iva the water broker: ""When you helped, I kept a spare supply aside for the next stranger, not a debt against you.""","Iva the water broker: ""Our wet harbor with no sea has changed, and I can speak about what happened here. I cannot swear to what a far-off witness saw.""","Iva the water broker: ""The morning looks different above the wet harbor with no sea. I remember who I was before the light changed.""",Keep the wet harbor with no sea safe while allowing its residents to disagree.,Ask about the wet harbor with no sea on a later day; do not assume a stranger's loyalty is bought.
npc_saltwake_watcher_001,npc.saltwake.watcher.001,Lorn the wave watcher,WidowedRain,"Lorn the wave watcher: ""I remember you. We spoke near the wet harbor with no sea; I recognized your footsteps at the gate; the patrol changed, but the watch remembers.""","Lorn the wave watcher: ""You helped while I was on watch. I won't treat that like a favor someone must repay.""","Lorn the wave watcher: ""Our wet harbor with no sea has changed, and I can speak about what happened here. I cannot swear to what a far-off witness saw.""","Lorn the wave watcher: ""The morning looks different above the wet harbor with no sea. I remember who I was before the light changed.""",Keep the wet harbor with no sea safe while allowing its residents to disagree.,Ask about the wet harbor with no sea on a later day; do not assume a stranger's loyalty is bought.
npc_cinderhold_emberwarden_001,npc.cinderhold.emberwarden.001,Rheva the ember warden,HearthBeneath,"Rheva the ember warden: ""I remember you. We spoke near the shared hearth beneath the stone; I recognized your footsteps at the gate; the patrol changed, but the watch remembers.""","Rheva the ember warden: ""You helped while I was on watch. I won't treat that like a favor someone must repay.""","Rheva the ember warden: ""Our shared hearth beneath the stone has changed, and I can speak about what happened here. I cannot swear to what a far-off witness saw.""","Rheva the ember warden: ""The morning looks different above the shared hearth beneath the stone. I remember who I was before the light changed.""",Keep the shared hearth beneath the stone safe while allowing its residents to disagree.,Ask about the shared hearth beneath the stone on a later day; do not assume a stranger's loyalty is bought.
npc_cinderhold_stonecarver_001,npc.cinderhold.stonecarver.001,Garn the stonecarver,HearthBeneath,"Garn the stonecarver: ""I remember you. We spoke near the shared hearth beneath the stone; I kept your place at the stall. The price can wait while we finish our conversation.""","Garn the stonecarver: ""When you helped, I kept a spare supply aside for the next stranger, not a debt against you.""","Garn the stonecarver: ""Our shared hearth beneath the stone has changed, and I can speak about what happened here. I cannot swear to what a far-off witness saw.""","Garn the stonecarver: ""The morning looks different above the shared hearth beneath the stone. I remember who I was before the light changed.""",Keep the shared hearth beneath the stone safe while allowing its residents to disagree.,Ask about the shared hearth beneath the stone on a later day; do not assume a stranger's loyalty is bought.
npc_cinderhold_hearthreader_001,npc.cinderhold.hearthreader.001,Tarin the hearth reader,HearthBeneath,"Tarin the hearth reader: ""I remember you. We spoke near the shared hearth beneath the stone; I kept our earlier testimony separate from rumor, just as you asked.""","Tarin the hearth reader: ""I wrote down your aid as something I witnessed, not an extraordinary rumor.""","Tarin the hearth reader: ""Our shared hearth beneath the stone has changed, and I can speak about what happened here. I cannot swear to what a far-off witness saw.""","Tarin the hearth reader: ""The morning looks different above the shared hearth beneath the stone. I remember who I was before the light changed.""",Keep the shared hearth beneath the stone safe while allowing its residents to disagree.,Ask about the shared hearth beneath the stone on a later day; do not assume a stranger's loyalty is bought.
npc_cinderhold_courier_001,npc.cinderhold.courier.001,Bes the coal runner,HearthBeneath,"Bes the coal runner: ""I remember you. We spoke near the shared hearth beneath the stone; I kept a letter for you, but I will not pretend I know the road you took.""","Bes the coal runner: ""You helped me deliver what mattered. I remember who was there when the road turned.""","Bes the coal runner: ""Our shared hearth beneath the stone has changed, and I can speak about what happened here. I cannot swear to what a far-off witness saw.""","Bes the coal runner: ""The morning looks different above the shared hearth beneath the stone. I remember who I was before the light changed.""",Keep the shared hearth beneath the stone safe while allowing its residents to disagree.,Ask about the shared hearth beneath the stone on a later day; do not assume a stranger's loyalty is bought.
npc_cinderhold_gardener_001,npc.cinderhold.gardener.001,Irel the ash gardener,HearthBeneath,"Irel the ash gardener: ""I remember you. We spoke near the shared hearth beneath the stone; I marked the turning where we spoke; finding you again makes the road less lonely.""","Irel the ash gardener: ""You helped me find a way through; I can sit beside you without asking where you came from.""","Irel the ash gardener: ""Our shared hearth beneath the stone has changed, and I can speak about what happened here. I cannot swear to what a far-off witness saw.""","Irel the ash gardener: ""The morning looks different above the shared hearth beneath the stone. I remember who I was before the light changed.""",Keep the shared hearth beneath the stone safe while allowing its residents to disagree.,Ask about the shared hearth beneath the stone on a later day; do not assume a stranger's loyalty is bought.
npc_cinderhold_healer_001,npc.cinderhold.healer.001,Ovenna the warmth keeper,HearthBeneath,"Ovenna the warmth keeper: ""I remember you. We spoke near the shared hearth beneath the stone; I kept our earlier testimony separate from rumor, just as you asked.""","Ovenna the warmth keeper: ""I wrote down your aid as something I witnessed, not an extraordinary rumor.""","Ovenna the warmth keeper: ""Our shared hearth beneath the stone has changed, and I can speak about what happened here. I cannot swear to what a far-off witness saw.""","Ovenna the warmth keeper: ""The morning looks different above the shared hearth beneath the stone. I remember who I was before the light changed.""",Keep the shared hearth beneath the stone safe while allowing its residents to disagree.,Ask about the shared hearth beneath the stone on a later day; do not assume a stranger's loyalty is bought.
npc_cinderhold_shieldsmith_001,npc.cinderhold.shieldsmith.001,Orven the shieldsmith,HearthBeneath,"Orven the shieldsmith: ""I remember you. We spoke near the shared hearth beneath the stone; I kept your place at the stall. The price can wait while we finish our conversation.""","Orven the shieldsmith: ""When you helped, I kept a spare supply aside for the next stranger, not a debt against you.""","Orven the shieldsmith: ""Our shared hearth beneath the stone has changed, and I can speak about what happened here. I cannot swear to what a far-off witness saw.""","Orven the shieldsmith: ""The morning looks different above the shared hearth beneath the stone. I remember who I was before the light changed.""",Keep the shared hearth beneath the stone safe while allowing its residents to disagree.,Ask about the shared hearth beneath the stone on a later day; do not assume a stranger's loyalty is bought.
npc_cinderhold_sentry_001,npc.cinderhold.sentry.001,Kael the deep sentry,HearthBeneath,"Kael the deep sentry: ""I remember you. We spoke near the shared hearth beneath the stone; I recognized your footsteps at the gate; the patrol changed, but the watch remembers.""","Kael the deep sentry: ""You helped while I was on watch. I won't treat that like a favor someone must repay.""","Kael the deep sentry: ""Our shared hearth beneath the stone has changed, and I can speak about what happened here. I cannot swear to what a far-off witness saw.""","Kael the deep sentry: ""The morning looks different above the shared hearth beneath the stone. I remember who I was before the light changed.""",Keep the shared hearth beneath the stone safe while allowing its residents to disagree.,Ask about the shared hearth beneath the stone on a later day; do not assume a stranger's loyalty is bought.
npc_tidal_ledgerkeeper_001,npc.tidal.ledgerkeeper.001,Veynu of the Ninth Due,TidalLedger,"Veynu of the Ninth Due: ""I remember you. We spoke near the ferry that cannot count tomorrow; I can tell you what I saw here, not what distant cities claim happened.""","Veynu of the Ninth Due: ""When you helped me, I heard the difference between a story people tell and a person who stays.""","Veynu of the Ninth Due: ""Our ferry that cannot count tomorrow has changed, and I can speak about what happened here. I cannot swear to what a far-off witness saw.""","Veynu of the Ninth Due: ""The morning looks different above the ferry that cannot count tomorrow. I remember who I was before the light changed.""",The city will call compassion a bookkeeping error.,Find a lawful harbor for people whose futures were pledged before birth.
npc_tidal_ferryman_001,npc.tidal.ferryman.001,Orshel Drywake,TidalLedger,"Orshel Drywake: ""I remember you. We spoke near the ferry that cannot count tomorrow; I can tell you what I saw here, not what distant cities claim happened.""","Orshel Drywake: ""When you helped me, I heard the difference between a story people tell and a person who stays.""","Orshel Drywake: ""Our ferry that cannot count tomorrow has changed, and I can speak about what happened here. I cannot swear to what a far-off witness saw.""","Orshel Drywake: ""The morning looks different above the ferry that cannot count tomorrow. I remember who I was before the light changed.""",Public exposure may let creditors find an unregistered child.,Keep a private safe crossing for a dependent who never agreed to a lender's bargain.
npc_tidal_witness_001,npc.tidal.witness.001,Ezzun Aftermark,TidalLedger,"Ezzun Aftermark: ""I remember you. We spoke near the ferry that cannot count tomorrow; I can tell you what I saw here, not what distant cities claim happened.""","Ezzun Aftermark: ""When you helped me, I heard the difference between a story people tell and a person who stays.""","Ezzun Aftermark: ""Our ferry that cannot count tomorrow has changed, and I can speak about what happened here. I cannot swear to what a far-off witness saw.""","Ezzun Aftermark: ""The morning looks different above the ferry that cannot count tomorrow. I remember who I was before the light changed.""",A corrected record might expose someone still in danger.,Publish traceable fraud without turning borrowers into exhibits.
npc_sky_choirmaster_001,npc.sky.choirmaster.001,Yllesh Underchord,SkyBelow,"Yllesh Underchord: ""I remember you. We spoke near the chorus holding the streets; I can tell you what I saw here, not what distant cities claim happened.""","Yllesh Underchord: ""When you helped me, I heard the difference between a story people tell and a person who stays.""","Yllesh Underchord: ""Our chorus holding the streets has changed, and I can speak about what happened here. I cannot swear to what a far-off witness saw.""","Yllesh Underchord: ""The morning looks different above the chorus holding the streets. I remember who I was before the light changed.""",Stopping the choir for justice could drop occupied houses.,Keep hanging neighborhoods grounded without conscripting silenced residents.
npc_sky_structuralist_001,npc.sky.structuralist.001,Vhaurn Counterweight,SkyBelow,"Vhaurn Counterweight: ""I remember you. We spoke near the chorus holding the streets; I can tell you what I saw here, not what distant cities claim happened.""","Vhaurn Counterweight: ""When you helped me, I heard the difference between a story people tell and a person who stays.""","Vhaurn Counterweight: ""Our chorus holding the streets has changed, and I can speak about what happened here. I cannot swear to what a far-off witness saw.""","Vhaurn Counterweight: ""The morning looks different above the chorus holding the streets. I remember who I was before the light changed.""",Rescue efforts may overlook the households that cannot move.,Design a fair structural cadence shared by capable volunteers.
npc_sky_dissenter_001,npc.sky.dissenter.001,Orru of the Removed Rest,SkyBelow,"Orru of the Removed Rest: ""I remember you. We spoke near the chorus holding the streets; I can tell you what I saw here, not what distant cities claim happened.""","Orru of the Removed Rest: ""When you helped me, I heard the difference between a story people tell and a person who stays.""","Orru of the Removed Rest: ""Our chorus holding the streets has changed, and I can speak about what happened here. I cannot swear to what a far-off witness saw.""","Orru of the Removed Rest: ""The morning looks different above the chorus holding the streets. I remember who I was before the light changed.""",An open performance may attract coercive wardens.,Restore identity and voluntary participation to erased choir members.
npc_bones_seamwarden_001,npc.bones.seamwarden.001,Ghraet Last-Seam,CinderSpine,"Ghraet Last-Seam: ""I remember you. We spoke near the quarry of buried names; I can tell you what I saw here, not what distant cities claim happened.""","Ghraet Last-Seam: ""When you helped me, I heard the difference between a story people tell and a person who stays.""","Ghraet Last-Seam: ""Our quarry of buried names has changed, and I can speak about what happened here. I cannot swear to what a far-off witness saw.""","Ghraet Last-Seam: ""The morning looks different above the quarry of buried names. I remember who I was before the light changed.""",A halted quarry could leave families without safe heat or shelter.,Keep the settlement alive without consuming its unknown ancestors.
npc_bones_mason_001,npc.bones.mason.001,Torrun-Mortar,CinderSpine,"Torrun-Mortar: ""I remember you. We spoke near the quarry of buried names; I can tell you what I saw here, not what distant cities claim happened.""","Torrun-Mortar: ""When you helped me, I heard the difference between a story people tell and a person who stays.""","Torrun-Mortar: ""Our quarry of buried names has changed, and I can speak about what happened here. I cannot swear to what a far-off witness saw.""","Torrun-Mortar: ""The morning looks different above the quarry of buried names. I remember who I was before the light changed.""",A public ancestry inquiry may condemn the last standing homes.,Rebuild a safe communal housing row with documented materials.
npc_bones_descendant_001,npc.bones.descendant.001,Issil Againborn,CinderSpine,"Issil Againborn: ""I remember you. We spoke near the quarry of buried names; I can tell you what I saw here, not what distant cities claim happened.""","Issil Againborn: ""When you helped me, I heard the difference between a story people tell and a person who stays.""","Issil Againborn: ""Our quarry of buried names has changed, and I can speak about what happened here. I cannot swear to what a far-off witness saw.""","Issil Againborn: ""The morning looks different above the quarry of buried names. I remember who I was before the light changed.""",An official record could dismiss living family accounts as delusion.,Recover names without letting the mine claim ownership of them.
npc_unlived_censuskeeper_001,npc.unlived.censuskeeper.001,Nhel of No-Entry,HundredUnlived,"Nhel of No-Entry: ""I remember you. We spoke near the shelter without an address; I can tell you what I saw here, not what distant cities claim happened.""","Nhel of No-Entry: ""When you helped me, I heard the difference between a story people tell and a person who stays.""","Nhel of No-Entry: ""Our shelter without an address has changed, and I can speak about what happened here. I cannot swear to what a far-off witness saw.""","Nhel of No-Entry: ""The morning looks different above the shelter without an address. I remember who I was before the light changed.""",Officials may use recognition records as a tool for deletion.,Make civic services available without mandatory origin documents.
npc_unlived_caretaker_001,npc.unlived.caretaker.001,Auvet Keep-Quiet,HundredUnlived,"Auvet Keep-Quiet: ""I remember you. We spoke near the shelter without an address; I can tell you what I saw here, not what distant cities claim happened.""","Auvet Keep-Quiet: ""When you helped me, I heard the difference between a story people tell and a person who stays.""","Auvet Keep-Quiet: ""Our shelter without an address has changed, and I can speak about what happened here. I cannot swear to what a far-off witness saw.""","Auvet Keep-Quiet: ""The morning looks different above the shelter without an address. I remember who I was before the light changed.""",A public registry may reveal the people who chose obscurity.,Maintain unconditional shelter and let every guest control disclosure.
npc_unlived_challenger_001,npc.unlived.challenger.001,Veysha Never-Signed,HundredUnlived,"Veysha Never-Signed: ""I remember you. We spoke near the shelter without an address; I can tell you what I saw here, not what distant cities claim happened.""","Veysha Never-Signed: ""When you helped me, I heard the difference between a story people tell and a person who stays.""","Veysha Never-Signed: ""Our shelter without an address has changed, and I can speak about what happened here. I cannot swear to what a far-off witness saw.""","Veysha Never-Signed: ""The morning looks different above the shelter without an address. I remember who I was before the light changed.""",Private shelter alone may preserve structural exclusion.,Win recognition with an explicit right to refuse and revoke visibility.
npc_orchard_untitled_001,npc.orchard.untitled.001,Serriv Crownless,OrchardOfKings,"Serriv Crownless: ""I remember you. We spoke near the orchard court without a crown; I can tell you what I saw here, not what distant cities claim happened.""","Serriv Crownless: ""When you helped me, I heard the difference between a story people tell and a person who stays.""","Serriv Crownless: ""Our orchard court without a crown has changed, and I can speak about what happened here. I cannot swear to what a far-off witness saw.""","Serriv Crownless: ""The morning looks different above the orchard court without a crown. I remember who I was before the light changed.""",Refusing the crown may hide unaccountable stewardship.,Make collective decisions meaningful without appointing a disguised king.
npc_orchard_gardener_001,npc.orchard.gardener.001,Imro Root-Vote,OrchardOfKings,"Imro Root-Vote: ""I remember you. We spoke near the orchard court without a crown; I can tell you what I saw here, not what distant cities claim happened.""","Imro Root-Vote: ""When you helped me, I heard the difference between a story people tell and a person who stays.""","Imro Root-Vote: ""Our orchard court without a crown has changed, and I can speak about what happened here. I cannot swear to what a far-off witness saw.""","Imro Root-Vote: ""The morning looks different above the orchard court without a crown. I remember who I was before the light changed.""",Legal debates may starve families before a compromise is reached.,Keep harvest and routes accessible regardless of political allegiance.
npc_orchard_historian_001,npc.orchard.historian.001,Eliun No-Coronation,OrchardOfKings,"Eliun No-Coronation: ""I remember you. We spoke near the orchard court without a crown; I can tell you what I saw here, not what distant cities claim happened.""","Eliun No-Coronation: ""When you helped me, I heard the difference between a story people tell and a person who stays.""","Eliun No-Coronation: ""Our orchard court without a crown has changed, and I can speak about what happened here. I cannot swear to what a far-off witness saw.""","Eliun No-Coronation: ""The morning looks different above the orchard court without a crown. I remember who I was before the light changed.""",Archiving an unclaimed right may let claimants abuse it later.,Record disputed titles without converting dissent into hereditary rule.
npc_absence_firstwitness_001,npc.absence.firstwitness.001,Orriv Before-Arrival,FirstAbsence,"Orriv Before-Arrival: ""I remember you. We spoke near the threshold before every map; I can tell you what I saw here, not what distant cities claim happened.""","Orriv Before-Arrival: ""When you helped me, I heard the difference between a story people tell and a person who stays.""","Orriv Before-Arrival: ""Our threshold before every map has changed, and I can speak about what happened here. I cannot swear to what a far-off witness saw.""","Orriv Before-Arrival: ""The morning looks different above the threshold before every map. I remember who I was before the light changed.""",The traveler may mistake the first account for the only account.,Preserve a survivable threshold without proving that any one origin owns it.
npc_absence_caretaker_001,npc.absence.caretaker.001,Thae of the Near Door,FirstAbsence,"Thae of the Near Door: ""I remember you. We spoke near the threshold before every map; I can tell you what I saw here, not what distant cities claim happened.""","Thae of the Near Door: ""When you helped me, I heard the difference between a story people tell and a person who stays.""","Thae of the Near Door: ""Our threshold before every map has changed, and I can speak about what happened here. I cannot swear to what a far-off witness saw.""","Thae of the Near Door: ""The morning looks different above the threshold before every map. I remember who I was before the light changed.""",Celebrating paradox may strand travelers needing ordinary ground.,Give arrivals a stable place to rest and choose their next story.
npc_absence_otherwitness_001,npc.absence.otherwitness.001,Veilune Both-Mornings,FirstAbsence,"Veilune Both-Mornings: ""I remember you. We spoke near the threshold before every map; I can tell you what I saw here, not what distant cities claim happened.""","Veilune Both-Mornings: ""When you helped me, I heard the difference between a story people tell and a person who stays.""","Veilune Both-Mornings: ""Our threshold before every map has changed, and I can speak about what happened here. I cannot swear to what a far-off witness saw.""","Veilune Both-Mornings: ""The morning looks different above the threshold before every map. I remember who I was before the light changed.""",Official order will call testimony dishonest unless it can be simplified.,Preserve mutually true beginnings without forcing others into confusion.
